path,suspicion,text_regions,rect_area,brightness,flagged
data/probe_indoor_env_v2/probe_indoor_env/hotel_lobby_interior_seating_area/hotel_lobby_interior_seating_area_0004_26729614.jpeg,0.6995,305,0.0554,0.49,1
data/raw/negative_clean/turned_off_computer_monitor_desk/turned_off_computer_monitor_desk_0020_267507.jpeg,0.6651,290,0.0876,0.529,1
data/probe_indoor_env_v2/probe_indoor_env/hotel_lobby_interior_seating_area/hotel_lobby_interior_seating_area_0005_36354489.jpeg,0.656,286,0.1519,0.439,1
data/raw/negative_clean/empty_office_desks_no_people/empty_office_desks_no_people_0015_7534210.jpeg,0.6101,266,0.067,0.609,1
data/raw/negative_clean/modern_home_living_room_sunlight_window/modern_home_living_room_sunlight_window_0003_15389465.jpeg,0.6032,263,0.5516,0.435,1
data/probe_indoor_env_v2/probe_indoor_env/office_reception_waiting_area_sofa/office_reception_waiting_area_sofa_0005_2251248.jpeg,0.5963,260,0.0541,0.456,1
data/raw/negative_clean/empty_whiteboard_meeting_room/empty_whiteboard_meeting_room_0016_6980997.jpeg,0.5229,228,0.4012,0.543,1
data/probe_indoor_env_v2/probe_indoor_env/public_library_reading_room_bookshelves/public_library_reading_room_bookshelves_0006_11456020.jpeg,0.5,436,0.0,0.54,1
data/probe_indoor_env_v2/probe_indoor_env/public_library_reading_room_bookshelves/public_library_reading_room_bookshelves_0003_36664672.jpeg,0.4908,428,0.0,0.44,1
data/raw/negative_clean/empty_whiteboard_meeting_room/empty_whiteboard_meeting_room_0002_5905445.jpeg,0.4839,211,0.2572,0.604,1
data/probe_indoor_env_v2/probe_indoor_env/hotel_lobby_interior_seating_area/hotel_lobby_interior_seating_area_0006_12934594.jpeg,0.4335,189,0.0873,0.488,1
data/probe_indoor_env_v2/probe_indoor_env/spa_wellness_center_interior_relaxation/spa_wellness_center_interior_relaxation_0006_9335993.jpeg,0.4335,189,0.0822,0.738,1
data/raw/negative_clean/home_cinema_projector_screen_room/home_cinema_projector_screen_room_0002_8583821.jpeg,0.4106,179,0.4325,0.5,1
data/raw/negative_clean/empty_projector_screen_white_wall/empty_projector_screen_white_wall_0004_6373667.jpeg,0.4037,176,0.4713,0.62,1
data/raw/negative_clean/empty_projector_screen_white_wall/empty_projector_screen_white_wall_0003_24390597.jpeg,0.4014,175,0.2031,0.315,1
data/raw/negative_clean/blank_whiteboard_office_wall/blank_whiteboard_office_wall_0026_8866803.jpeg,0.3968,173,0.1127,0.698,1
data/raw/negative_clean/cozy_home_interior_sofa_bright/cozy_home_interior_sofa_bright_0010_19836798.jpeg,0.3945,172,0.119,0.703,1
data/raw/negative_clean/empty_whiteboard_meeting_room/empty_whiteboard_meeting_room_0004_8423427.jpeg,0.3922,171,0.4136,0.538,1
data/raw/negative_clean/modern_home_living_room_sunlight_window/modern_home_living_room_sunlight_window_0023_33740273.jpeg,0.3853,168,0.0795,0.365,1
data/raw/negative_clean/empty_office_desks_no_people/empty_office_desks_no_people_0004_16926422.jpeg,0.3853,168,0.0537,0.618,1
data/raw/negative_clean/white_screen_wall_mounted_conference_room/white_screen_wall_mounted_conference_room_0002_5444180.jpeg,0.3727,325,0.0,0.504,1
data/raw/negative_clean/turned_off_computer_monitor_desk/turned_off_computer_monitor_desk_0019_12369901.jpeg,0.3693,161,0.0505,0.177,1
data/probe_indoor_env_v2/probe_indoor_env/spa_wellness_center_interior_relaxation/spa_wellness_center_interior_relaxation_0005_4974567.jpeg,0.3624,158,0.4537,0.482,1
data/raw/negative_clean/cozy_home_interior_sofa_bright/cozy_home_interior_sofa_bright_0017_3965513.jpeg,0.3555,155,0.4374,0.818,1
data/probe_indoor_env_v2/probe_indoor_env/empty_waiting_room_chairs_interior/empty_waiting_room_chairs_interior_0004_27331028.jpeg,0.3544,309,0.0,0.359,1
data/raw/negative_clean/modern_home_living_room_sunlight_window/modern_home_living_room_sunlight_window_0001_16825059.jpeg,0.3394,296,0.0,0.345,1
data/raw/negative_clean/empty_whiteboard_meeting_room/empty_whiteboard_meeting_room_0015_13508101.jpeg,0.3349,146,0.4853,0.514,1
data/probe_indoor_env_v2/probe_indoor_env/office_reception_waiting_area_sofa/office_reception_waiting_area_sofa_0008_4170045.jpeg,0.3326,290,0.0,0.534,1
data/raw/negative_clean/cozy_home_interior_sofa_bright/cozy_home_interior_sofa_bright_0025_11701115.jpeg,0.3303,144,0.3119,0.63,1
data/raw/negative_clean/empty_office_desks_no_people/empty_office_desks_no_people_0010_7511743.jpeg,0.3234,282,0.0,0.623,1
data/raw/negative_clean/empty_whiteboard_meeting_room/empty_whiteboard_meeting_room_0010_5606879.jpeg,0.3211,140,0.4227,0.497,1
data/probe_indoor_env_v2/probe_indoor_env/hotel_lobby_interior_seating_area/hotel_lobby_interior_seating_area_0002_18426842.jpeg,0.3165,138,0.0923,0.582,1
data/raw/negative_clean/empty_living_room_interior_daylight/empty_living_room_interior_daylight_0022_3958955.jpeg,0.3142,137,0.1016,0.539,1
data/raw/negative_clean/empty_conference_room_interior/empty_conference_room_interior_0006_9300740.jpeg,0.3119,272,0.0,0.483,1
data/probe_indoor_env_v2/probe_indoor_env/modern_lounge_interior_sofa_window/modern_lounge_interior_sofa_window_0010_10161222.jpeg,0.3119,136,0.1893,0.622,1
data/raw/negative_clean/modern_home_living_room_sunlight_window/modern_home_living_room_sunlight_window_0006_14540923.jpeg,0.2936,256,0.0,0.412,1
data/raw/negative_clean/empty_office_desks_no_people/empty_office_desks_no_people_0009_12703094.jpeg,0.2913,127,0.3524,0.678,1
data/raw/negative_clean/empty_conference_room_interior/empty_conference_room_interior_0005_25857615.jpeg,0.2856,249,0.0,0.433,1
data/raw/negative_clean/blank_television_screen_living_room/blank_television_screen_living_room_0007_7545779.jpeg,0.2844,124,0.0605,0.66,1
data/raw/negative_clean/modern_home_living_room_sunlight_window/modern_home_living_room_sunlight_window_0025_11125378.jpeg,0.2844,124,0.2037,0.609,1
data/raw/negative_clean/empty_office_desks_no_people/empty_office_desks_no_people_0008_12703095.jpeg,0.2821,123,0.3309,0.664,1
data/probe_indoor_env_v2/probe_indoor_env/office_reception_waiting_area_sofa/office_reception_waiting_area_sofa_0010_5869284.jpeg,0.2821,246,0.0,0.368,1
data/probe_indoor_env_v2/probe_indoor_env/public_library_reading_room_bookshelves/public_library_reading_room_bookshelves_0010_3747505.jpeg,0.2821,246,0.0,0.602,1
data/probe_indoor_env_v2/probe_indoor_env/hotel_lobby_interior_seating_area/hotel_lobby_interior_seating_area_0009_15942403.jpeg,0.2798,244,0.0,0.387,1
data/raw/negative_clean/modern_home_living_room_sunlight_window/modern_home_living_room_sunlight_window_0014_17910656.jpeg,0.2729,119,0.1057,0.353,1
data/raw/negative_clean/empty_conference_room_interior/empty_conference_room_interior_0016_5511124.jpeg,0.2706,118,0.1878,0.578,1
data/raw/negative_clean/pull_down_projection_screen_empty_room/pull_down_projection_screen_empty_room_0001_33312297.jpeg,0.2661,116,0.0964,0.256,1
data/probe_indoor_env_v2/probe_indoor_env/hotel_lobby_interior_seating_area/hotel_lobby_interior_seating_area_0001_4062524.jpeg,0.2626,229,0.0,0.326,1
data/raw/negative_clean/turned_off_computer_monitor_desk/turned_off_computer_monitor_desk_0003_5499551.jpeg,0.2546,111,0.0874,0.322,1
data/raw/negative_clean/cozy_home_interior_sofa_bright/cozy_home_interior_sofa_bright_0002_6480707.jpeg,0.2523,110,0.2159,0.676,1
data/raw/negative_clean/modern_home_living_room_sunlight_window/modern_home_living_room_sunlight_window_0002_12884327.jpeg,0.2511,219,0.0,0.361,1
data/raw/negative_clean/cozy_home_interior_sofa_bright/cozy_home_interior_sofa_bright_0027_12420730.jpeg,0.2466,215,0.0,0.583,1
data/probe_indoor_env_v2/probe_indoor_env/public_library_reading_room_bookshelves/public_library_reading_room_bookshelves_0007_35548579.jpeg,0.2454,107,0.0941,0.336,1
data/probe_indoor_env_v2/probe_indoor_env/hotel_lobby_interior_seating_area/hotel_lobby_interior_seating_area_0010_189295.jpeg,0.2443,213,0.0,0.487,1
data/raw/negative_clean/blank_whiteboard_office_wall/blank_whiteboard_office_wall_0011_31151561.jpeg,0.2431,106,0.2486,0.454,1
data/raw/negative_clean/modern_home_living_room_sunlight_window/modern_home_living_room_sunlight_window_0027_20677978.jpeg,0.2385,208,0.0,0.515,1
data/raw/negative_clean/empty_conference_room_interior/empty_conference_room_interior_0003_691485.jpeg,0.2339,204,0.0,0.686,1
data/raw/negative_clean/empty_conference_room_interior/empty_conference_room_interior_0002_6949382.jpeg,0.2317,101,0.1413,0.68,1
data/probe_indoor_env_v2/probe_indoor_env/hotel_lobby_interior_seating_area/hotel_lobby_interior_seating_area_0011_26729556.jpeg,0.2317,202,0.0,0.527,1
data/probe_indoor_env_v2/probe_indoor_env/hotel_lobby_interior_seating_area/hotel_lobby_interior_seating_area_0007_12284845.jpeg,0.2305,201,0.0,0.309,1
data/raw/negative_clean/modern_home_living_room_sunlight_window/modern_home_living_room_sunlight_window_0009_8082301.jpeg,0.2282,199,0.0,0.63,1
data/probe_indoor_env_v2/probe_indoor_env/public_library_reading_room_bookshelves/public_library_reading_room_bookshelves_0009_10819233.jpeg,0.2271,198,0.0,0.506,1
data/raw/negative_clean/cozy_home_interior_sofa_bright/cozy_home_interior_sofa_bright_0022_19916712.jpeg,0.2202,192,0.0,0.541,1
data/probe_indoor_env_v2/probe_indoor_env/empty_waiting_room_chairs_interior/empty_waiting_room_chairs_interior_0002_19921278.jpeg,0.2202,192,0.0,0.516,1
data/probe_indoor_env_v2/probe_indoor_env/public_library_reading_room_bookshelves/public_library_reading_room_bookshelves_0005_30484324.jpeg,0.2202,96,0.0541,0.46,1
data/raw/negative_clean/empty_living_room_interior_daylight/empty_living_room_interior_daylight_0012_7031622.jpeg,0.2179,95,0.0536,0.574,1
data/probe_indoor_env_v2/probe_indoor_env/hotel_lobby_interior_seating_area/hotel_lobby_interior_seating_area_0003_29283852.jpeg,0.2133,93,0.0798,0.362,1
data/raw/negative_clean/modern_home_living_room_sunlight_window/modern_home_living_room_sunlight_window_0020_8787754.jpeg,0.211,184,0.0,0.403,1
data/probe_indoor_env_v2/probe_indoor_env/modern_lounge_interior_sofa_window/modern_lounge_interior_sofa_window_0001_21852178.jpeg,0.211,184,0.0,0.302,1
data/raw/negative_clean/cozy_home_interior_sofa_bright/cozy_home_interior_sofa_bright_0005_7836571.jpeg,0.2087,182,0.0,0.66,1
data/raw/negative_clean/modern_home_living_room_sunlight_window/modern_home_living_room_sunlight_window_0018_35259540.jpeg,0.2076,181,0.0,0.225,1
data/raw/negative_clean/empty_living_room_interior_daylight/empty_living_room_interior_daylight_0021_17181934.jpeg,0.2041,89,0.498,0.612,1
data/probe_indoor_env_v2/probe_indoor_env/empty_waiting_room_chairs_interior/empty_waiting_room_chairs_interior_0012_18623554.jpeg,0.2041,89,0.295,0.38,1
data/raw/negative_clean/turned_off_computer_monitor_desk/turned_off_computer_monitor_desk_0010_6044929.jpeg,0.2018,88,0.0553,0.498,1
data/raw/negative_clean/cozy_home_interior_sofa_bright/cozy_home_interior_sofa_bright_0029_12498613.jpeg,0.1995,87,0.2247,0.681,1
data/probe_indoor_env_v2/probe_indoor_env/public_library_reading_room_bookshelves/public_library_reading_room_bookshelves_0004_3747504.jpeg,0.1995,174,0.0,0.51,1
data/probe_indoor_env_v2/probe_indoor_env/spa_wellness_center_interior_relaxation/spa_wellness_center_interior_relaxation_0007_11774389.jpeg,0.1995,87,0.6706,0.619,1
data/raw/negative_clean/empty_office_desks_no_people/empty_office_desks_no_people_0005_8353764.jpeg,0.1984,173,0.0,0.573,1
data/raw/negative_clean/modern_home_living_room_sunlight_window/modern_home_living_room_sunlight_window_0016_4022430.jpeg,0.1961,171,0.0,0.569,1
data/raw/negative_clean/turned_off_computer_monitor_desk/turned_off_computer_monitor_desk_0017_8297862.jpeg,0.195,170,0.0,0.228,1
data/raw/negative_clean/empty_office_desks_no_people/empty_office_desks_no_people_0011_8297861.jpeg,0.195,170,0.0,0.268,1
data/probe_indoor_env_v2/probe_indoor_env/empty_waiting_room_chairs_interior/empty_waiting_room_chairs_interior_0007_31707935.jpeg,0.195,170,0.0,0.709,1
data/raw/negative_clean/blank_whiteboard_office_wall/blank_whiteboard_office_wall_0023_7989092.jpeg,0.1938,169,0.0,0.812,1
data/raw/negative_clean/modern_home_living_room_sunlight_window/modern_home_living_room_sunlight_window_0013_26932519.jpeg,0.1938,169,0.0,0.34,1
data/raw/negative_clean/home_cinema_projector_screen_room/home_cinema_projector_screen_room_0006_30647348.jpeg,0.1938,169,0.0,0.393,1
data/raw/negative_clean/empty_whiteboard_meeting_room/empty_whiteboard_meeting_room_0005_2505119.jpeg,0.1904,83,0.4918,0.703,1
data/raw/negative_clean/empty_living_room_interior_daylight/empty_living_room_interior_daylight_0013_4571019.jpeg,0.1881,82,0.0735,0.654,1
data/raw/negative_clean/cozy_home_interior_sofa_bright/cozy_home_interior_sofa_bright_0020_8092165.jpeg,0.1881,82,0.1778,0.652,1
data/raw/negative_clean/empty_whiteboard_meeting_room/empty_whiteboard_meeting_room_0014_8101764.jpeg,0.1869,163,0.0,0.437,1
data/raw/negative_clean/blank_television_screen_living_room/blank_television_screen_living_room_0019_28228021.jpeg,0.1869,163,0.0,0.393,1
data/raw/negative_clean/blank_whiteboard_office_wall/blank_whiteboard_office_wall_0002_9034248.jpeg,0.1858,81,0.0558,0.611,1
data/raw/negative_clean/modern_home_living_room_sunlight_window/modern_home_living_room_sunlight_window_0019_20773072.jpeg,0.1835,160,0.0,0.582,1
data/raw/negative_clean/modern_home_living_room_sunlight_window/modern_home_living_room_sunlight_window_0021_6444253.jpeg,0.1835,160,0.0,0.567,1
data/raw/negative_clean/empty_conference_room_interior/empty_conference_room_interior_0008_29402560.jpeg,0.1835,80,0.1118,0.5,1
data/probe_indoor_env_v2/probe_indoor_env/office_reception_waiting_area_sofa/office_reception_waiting_area_sofa_0011_5008395.jpeg,0.1823,159,0.0,0.627,0
data/probe_indoor_env_v2/probe_indoor_env/public_library_reading_room_bookshelves/public_library_reading_room_bookshelves_0011_4947413.jpeg,0.1789,156,0.0,0.372,0
data/raw/negative_clean/empty_conference_room_interior/empty_conference_room_interior_0010_16859956.jpeg,0.1766,154,0.0,0.603,0
data/probe_indoor_env_v2/probe_indoor_env/hotel_lobby_interior_seating_area/hotel_lobby_interior_seating_area_0012_18313774.jpeg,0.1755,153,0.0,0.441,0
data/raw/negative_clean/empty_whiteboard_meeting_room/empty_whiteboard_meeting_room_0006_5869263.jpeg,0.1743,152,0.0,0.559,0
data/raw/negative_clean/empty_living_room_interior_daylight/empty_living_room_interior_daylight_0017_10043067.jpeg,0.1743,152,0.0,0.417,0
data/raw/negative_clean/blank_whiteboard_office_wall/blank_whiteboard_office_wall_0006_205321.png,0.172,75,0.1122,0.901,0
data/raw/negative_clean/blank_television_screen_living_room/blank_television_screen_living_room_0003_6977377.jpeg,0.172,75,0.0683,0.557,0
data/raw/negative_clean/blank_television_screen_living_room/blank_television_screen_living_room_0008_6782360.jpeg,0.1697,148,0.0,0.702,0
data/raw/negative_clean/modern_home_living_room_sunlight_window/modern_home_living_room_sunlight_window_0026_7534552.jpeg,0.1697,148,0.0,0.651,0
data/raw/negative_clean/home_cinema_projector_screen_room/home_cinema_projector_screen_room_0001_6789626.jpeg,0.1697,74,0.0526,0.249,0
data/raw/negative_clean/empty_living_room_interior_daylight/empty_living_room_interior_daylight_0026_6835088.jpeg,0.1674,73,0.1127,0.618,0
data/raw/negative_clean/empty_conference_room_interior/empty_conference_room_interior_0018_5511129.jpeg,0.1674,146,0.0,0.573,0
data/probe_indoor_env_v2/probe_indoor_env/public_library_reading_room_bookshelves/public_library_reading_room_bookshelves_0002_31390421.jpeg,0.1674,146,0.0,0.417,0
data/raw/negative_clean/blank_television_screen_living_room/blank_television_screen_living_room_0026_7046153.jpeg,0.1663,145,0.0,0.525,0
data/probe_indoor_env_v2/probe_indoor_env/office_reception_waiting_area_sofa/office_reception_waiting_area_sofa_0012_7750096.jpeg,0.1651,144,0.0,0.593,0
data/raw/negative_clean/empty_whiteboard_meeting_room/empty_whiteboard_meeting_room_0001_6180740.jpeg,0.164,143,0.0,0.631,0
data/probe_indoor_env_v2/probe_indoor_env/modern_lounge_interior_sofa_window/modern_lounge_interior_sofa_window_0004_6580232.jpeg,0.1628,142,0.0,0.523,0
data/raw/negative_clean/turned_off_computer_monitor_desk/turned_off_computer_monitor_desk_0018_6045235.jpeg,0.1617,141,0.0,0.62,0
data/raw/negative_clean/blank_whiteboard_office_wall/blank_whiteboard_office_wall_0009_15505438.jpeg,0.1606,70,0.6067,0.631,0
data/raw/negative_clean/blank_whiteboard_office_wall/blank_whiteboard_office_wall_0014_5324935.jpeg,0.1606,140,0.0,0.636,0
data/raw/negative_clean/cozy_home_interior_sofa_bright/cozy_home_interior_sofa_bright_0008_3965509.jpeg,0.1606,70,0.4345,0.843,0
data/raw/negative_clean/empty_conference_room_interior/empty_conference_room_interior_0019_8761312.jpeg,0.1571,137,0.0,0.425,0
data/raw/negative_clean/blank_television_screen_living_room/blank_television_screen_living_room_0014_8089078.jpeg,0.156,136,0.0,0.525,0
data/raw/negative_clean/empty_conference_room_interior/empty_conference_room_interior_0007_6949383.jpeg,0.156,136,0.0,0.623,0
data/raw/negative_clean/empty_office_desks_no_people/empty_office_desks_no_people_0002_7439754.jpeg,0.1548,135,0.0,0.843,0
data/raw/negative_clean/modern_home_living_room_sunlight_window/modern_home_living_room_sunlight_window_0004_36962663.jpeg,0.1537,67,0.2429,0.462,0
data/raw/negative_clean/large_projection_screen_hall_blank/large_projection_screen_hall_blank_0002_7081182.jpeg,0.1537,67,0.1333,0.23,0
data/probe_indoor_env_v2/probe_indoor_env/empty_waiting_room_chairs_interior/empty_waiting_room_chairs_interior_0005_19725407.jpeg,0.1537,134,0.0,0.221,0
data/probe_indoor_env_v2/probe_indoor_env/empty_waiting_room_chairs_interior/empty_waiting_room_chairs_interior_0009_34110996.jpeg,0.1537,134,0.0,0.213,0
data/raw/negative_clean/empty_whiteboard_meeting_room/empty_whiteboard_meeting_room_0011_8866722.jpeg,0.1514,66,0.1186,0.829,0
data/raw/negative_clean/turned_off_computer_monitor_desk/turned_off_computer_monitor_desk_0006_3747486.jpeg,0.1514,132,0.0,0.43,0
data/raw/negative_clean/blank_television_screen_living_room/blank_television_screen_living_room_0021_6186813.jpeg,0.1514,132,0.0,0.538,0
data/raw/negative_clean/empty_conference_room_interior/empty_conference_room_interior_0004_6899396.jpeg,0.1514,132,0.0,0.535,0
data/raw/negative_clean/empty_conference_room_interior/empty_conference_room_interior_0014_3906592.jpeg,0.1514,66,0.2842,0.403,0
data/raw/negative_clean/white_screen_wall_mounted_conference_room/white_screen_wall_mounted_conference_room_0008_21620915.jpeg,0.1514,66,0.473,0.494,0
data/raw/negative_clean/empty_whiteboard_meeting_room/empty_whiteboard_meeting_room_0009_6794971.jpeg,0.1491,65,0.1698,0.528,0
data/raw/negative_clean/cozy_home_interior_sofa_bright/cozy_home_interior_sofa_bright_0026_17269118.jpeg,0.1468,128,0.0,0.478,0
data/raw/negative_clean/cozy_home_interior_sofa_bright/cozy_home_interior_sofa_bright_0015_27023868.jpeg,0.1456,127,0.0,0.568,0
data/probe_indoor_env_v2/probe_indoor_env/modern_lounge_interior_sofa_window/modern_lounge_interior_sofa_window_0007_6246210.jpeg,0.1445,126,0.0,0.431,0
data/raw/negative_clean/empty_conference_room_interior/empty_conference_room_interior_0012_29277930.jpeg,0.1433,125,0.0,0.681,0
data/raw/negative_clean/white_screen_wall_mounted_conference_room/white_screen_wall_mounted_conference_room_0005_5511089.jpeg,0.1422,124,0.0,0.624,0
data/raw/negative_clean/empty_conference_room_interior/empty_conference_room_interior_0013_6949366.jpeg,0.1411,123,0.0,0.606,0
data/raw/negative_clean/turned_off_computer_monitor_desk/turned_off_computer_monitor_desk_0001_3747473.jpeg,0.1388,121,0.0,0.582,0
data/raw/negative_clean/empty_living_room_interior_daylight/empty_living_room_interior_daylight_0020_6636297.jpeg,0.1376,60,0.0992,0.678,0
data/raw/negative_clean/empty_conference_room_interior/empty_conference_room_interior_0011_7534216.jpeg,0.1376,60,0.2064,0.483,0
data/probe_indoor_env_v2/probe_indoor_env/modern_lounge_interior_sofa_window/modern_lounge_interior_sofa_window_0009_19699765.jpeg,0.1365,119,0.0,0.499,0
data/probe_indoor_env_v2/probe_indoor_env/spa_wellness_center_interior_relaxation/spa_wellness_center_interior_relaxation_0010_7598359.jpeg,0.1365,119,0.0,0.436,0
data/raw/negative_clean/blank_television_screen_living_room/blank_television_screen_living_room_0015_6198652.jpeg,0.1353,118,0.0,0.557,0
data/raw/negative_clean/empty_projector_screen_white_wall/empty_projector_screen_white_wall_0001_7674215.jpeg,0.1353,59,0.5043,0.666,0
data/raw/negative_clean/modern_home_living_room_sunlight_window/modern_home_living_room_sunlight_window_0010_8389903.jpeg,0.1353,118,0.0,0.438,0
data/raw/negative_clean/empty_conference_room_interior/empty_conference_room_interior_0020_12270135.jpeg,0.1353,118,0.0,0.682,0
data/probe_indoor_env_v2/probe_indoor_env/spa_wellness_center_interior_relaxation/spa_wellness_center_interior_relaxation_0004_16571743.jpeg,0.1353,118,0.0,0.571,0
data/raw/negative_clean/turned_off_computer_monitor_desk/turned_off_computer_monitor_desk_0014_6044842.jpeg,0.1319,115,0.0,0.479,0
data/raw/negative_clean/modern_home_living_room_sunlight_window/modern_home_living_room_sunlight_window_0008_26523902.jpeg,0.1319,115,0.0,0.49,0
data/raw/negative_clean/modern_home_living_room_sunlight_window/modern_home_living_room_sunlight_window_0017_12884324.jpeg,0.1319,115,0.0,0.518,0
data/raw/negative_clean/movie_theater_empty_blank_screen_interior/movie_theater_empty_blank_screen_interior_0005_18501410.jpeg,0.1307,114,0.0,0.087,0
data/probe_indoor_env_v2/probe_indoor_env/public_library_reading_room_bookshelves/public_library_reading_room_bookshelves_0008_3747511.jpeg,0.1307,114,0.0,0.624,0
data/raw/negative_clean/empty_projector_screen_white_wall/empty_projector_screen_white_wall_0007_9300731.jpeg,0.1296,113,0.0,0.518,0
data/raw/negative_clean/home_cinema_projector_screen_room/home_cinema_projector_screen_room_0005_19374140.jpeg,0.1296,113,0.0,0.354,0
data/raw/negative_clean/empty_whiteboard_meeting_room/empty_whiteboard_meeting_room_0017_6103651.jpeg,0.1284,112,0.0,0.608,0
data/probe_indoor_env_v2/probe_indoor_env/spa_wellness_center_interior_relaxation/spa_wellness_center_interior_relaxation_0002_7233268.jpeg,0.1284,56,0.4422,0.691,0
data/raw/negative_clean/empty_conference_room_interior/empty_conference_room_interior_0017_8354765.jpeg,0.1273,111,0.0,0.569,0
data/raw/negative_clean/blank_whiteboard_office_wall/blank_whiteboard_office_wall_0013_5474425.jpeg,0.1261,110,0.0,0.724,0
data/raw/negative_clean/blank_whiteboard_office_wall/blank_whiteboard_office_wall_0016_7363.jpg,0.1261,110,0.0,0.804,0
data/probe_indoor_env_v2/probe_indoor_env/spa_wellness_center_interior_relaxation/spa_wellness_center_interior_relaxation_0008_6663573.jpeg,0.1261,110,0.0,0.537,0
data/raw/negative_clean/modern_home_living_room_sunlight_window/modern_home_living_room_sunlight_window_0012_28122113.jpeg,0.125,109,0.0,0.359,0
data/raw/negative_clean/blank_whiteboard_office_wall/blank_whiteboard_office_wall_0017_7654493.jpeg,0.1239,108,0.0,0.653,0
data/raw/negative_clean/blank_television_screen_living_room/blank_television_screen_living_room_0020_7546717.jpeg,0.1239,108,0.0,0.592,0
data/raw/negative_clean/modern_home_living_room_sunlight_window/modern_home_living_room_sunlight_window_0024_6077368.jpeg,0.1239,108,0.0,0.707,0
data/probe_indoor_env_v2/probe_indoor_env/office_reception_waiting_area_sofa/office_reception_waiting_area_sofa_0001_26346229.jpeg,0.1239,54,0.3593,0.47,0
data/raw/negative_clean/blank_whiteboard_office_wall/blank_whiteboard_office_wall_0008_4792491.jpeg,0.1216,53,0.5138,0.578,0
data/raw/negative_clean/cozy_home_interior_sofa_bright/cozy_home_interior_sofa_bright_0012_8089155.jpeg,0.1216,106,0.0,0.483,0
data/raw/negative_clean/empty_projector_screen_white_wall/empty_projector_screen_white_wall_0008_34002266.jpeg,0.1204,105,0.0,0.103,0
data/raw/negative_clean/empty_whiteboard_meeting_room/empty_whiteboard_meeting_room_0012_6794968.jpeg,0.1193,104,0.0,0.511,0
data/raw/negative_clean/turned_off_computer_monitor_desk/turned_off_computer_monitor_desk_0002_9300770.jpeg,0.1193,104,0.0,0.474,0
data/probe_indoor_env_v2/probe_indoor_env/office_reception_waiting_area_sofa/office_reception_waiting_area_sofa_0006_19786710.jpeg,0.1193,104,0.0,0.447,0
data/raw/negative_clean/white_screen_wall_mounted_conference_room/white_screen_wall_mounted_conference_room_0004_260689.jpeg,0.1181,103,0.0,0.71,0
data/raw/negative_clean/white_screen_wall_mounted_conference_room/white_screen_wall_mounted_conference_room_0007_6794937.jpeg,0.117,102,0.0,0.407,0
data/probe_indoor_env_v2/probe_indoor_env/office_reception_waiting_area_sofa/office_reception_waiting_area_sofa_0009_6899531.jpeg,0.117,102,0.0,0.728,0
data/raw/negative_clean/blank_television_screen_living_room/blank_television_screen_living_room_0018_1201996.jpeg,0.1158,101,0.0,0.562,0
data/raw/negative_clean/cozy_home_interior_sofa_bright/cozy_home_interior_sofa_bright_0001_8089172.jpeg,0.1147,100,0.0,0.561,0
data/raw/negative_clean/turned_off_computer_monitor_desk/turned_off_computer_monitor_desk_0012_6044821.jpeg,0.1124,98,0.0,0.516,0
data/raw/negative_clean/empty_office_desks_no_people/empty_office_desks_no_people_0007_9068384.jpeg,0.1124,98,0.0,0.481,0
data/probe_indoor_env_v2/probe_indoor_env/empty_waiting_room_chairs_interior/empty_waiting_room_chairs_interior_0010_12734857.jpeg,0.1124,98,0.0,0.658,0
data/raw/negative_clean/cozy_home_interior_sofa_bright/cozy_home_interior_sofa_bright_0016_17586950.jpeg,0.1112,97,0.0,0.489,0
data/raw/negative_clean/blank_whiteboard_office_wall/blank_whiteboard_office_wall_0010_8123797.jpeg,0.1101,96,0.0,0.61,0
data/raw/negative_clean/blank_television_screen_living_room/blank_television_screen_living_room_0002_37834298.jpeg,0.1101,48,0.118,0.78,0
data/raw/negative_clean/blank_television_screen_living_room/blank_television_screen_living_room_0012_19866446.jpeg,0.1101,48,0.0858,0.522,0
data/raw/negative_clean/empty_living_room_interior_daylight/empty_living_room_interior_daylight_0010_7031603.jpeg,0.1101,48,0.2974,0.611,0
data/raw/negative_clean/empty_living_room_interior_daylight/empty_living_room_interior_daylight_0018_6835102.jpeg,0.1101,48,0.2364,0.693,0
data/raw/negative_clean/empty_living_room_interior_daylight/empty_living_room_interior_daylight_0006_7031618.jpeg,0.1089,95,0.0,0.668,0
data/raw/negative_clean/blank_whiteboard_office_wall/blank_whiteboard_office_wall_0019_9301900.jpeg,0.1078,47,0.07,0.72,0
data/raw/negative_clean/blank_television_screen_living_room/blank_television_screen_living_room_0005_28763916.jpeg,0.1078,94,0.0,0.391,0
data/raw/negative_clean/blank_television_screen_living_room/blank_television_screen_living_room_0023_4009398.jpeg,0.1067,93,0.0,0.342,0
data/raw/negative_clean/empty_conference_room_interior/empty_conference_room_interior_0015_3767170.jpeg,0.1044,91,0.0,0.421,0
data/raw/negative_clean/white_projector_screen_mounted_wall_blank/white_projector_screen_mounted_wall_blank_0001_15467763.jpeg,0.1044,91,0.0,0.661,0
data/raw/negative_clean/blank_whiteboard_office_wall/blank_whiteboard_office_wall_0005_15543027.jpeg,0.1032,90,0.0,0.602,0
data/raw/negative_clean/blank_television_screen_living_room/blank_television_screen_living_room_0022_6980717.jpeg,0.1009,88,0.0,0.652,0
data/probe_indoor_env_v2/probe_indoor_env/spa_wellness_center_interior_relaxation/spa_wellness_center_interior_relaxation_0001_7598363.jpeg,0.1009,88,0.0,0.285,0
data/probe_indoor_env_v2/probe_indoor_env/office_reception_waiting_area_sofa/office_reception_waiting_area_sofa_0002_8459996.jpeg,0.0998,87,0.0,0.802,0
data/raw/negative_clean/white_screen_wall_mounted_conference_room/white_screen_wall_mounted_conference_room_0003_7005477.jpeg,0.0986,43,0.6382,0.725,0
data/raw/negative_clean/cozy_home_interior_sofa_bright/cozy_home_interior_sofa_bright_0013_19836830.jpeg,0.0975,85,0.0,0.545,0
data/raw/negative_clean/blank_whiteboard_office_wall/blank_whiteboard_office_wall_0007_8867438.jpeg,0.0963,42,0.2653,0.658,0
data/raw/negative_clean/blank_whiteboard_office_wall/blank_whiteboard_office_wall_0012_17724763.jpeg,0.0963,84,0.0,0.746,0
data/probe_indoor_env_v2/probe_indoor_env/public_library_reading_room_bookshelves/public_library_reading_room_bookshelves_0001_3747512.jpeg,0.0963,84,0.0,0.436,0
data/raw/negative_clean/cozy_home_interior_sofa_bright/cozy_home_interior_sofa_bright_0004_7546716.jpeg,0.0952,83,0.0,0.712,0
data/raw/negative_clean/empty_whiteboard_meeting_room/empty_whiteboard_meeting_room_0007_7750140.jpeg,0.094,82,0.0,0.575,0
data/raw/negative_clean/blank_television_screen_living_room/blank_television_screen_living_room_0013_7587781.jpeg,0.094,82,0.0,0.635,0
data/raw/negative_clean/empty_projector_screen_white_wall/empty_projector_screen_white_wall_0006_34786572.jpeg,0.094,41,0.0567,0.222,0
data/raw/negative_clean/modern_home_living_room_sunlight_window/modern_home_living_room_sunlight_window_0011_18186514.jpeg,0.094,41,0.4348,0.438,0
data/raw/negative_clean/empty_living_room_interior_daylight/empty_living_room_interior_daylight_0014_7031616.jpeg,0.0929,81,0.0,0.69,0
data/probe_indoor_env_v2/probe_indoor_env/empty_waiting_room_chairs_interior/empty_waiting_room_chairs_interior_0011_21404971.jpeg,0.0917,80,0.0,0.543,0
data/raw/negative_clean/blank_television_screen_living_room/blank_television_screen_living_room_0006_7587735.jpeg,0.0906,79,0.0,0.668,0
data/raw/negative_clean/cozy_home_interior_sofa_bright/cozy_home_interior_sofa_bright_0006_3769016.jpeg,0.0906,79,0.0,0.691,0
data/raw/negative_clean/turned_off_computer_monitor_desk/turned_off_computer_monitor_desk_0007_16416872.jpeg,0.0894,39,0.1379,0.284,0
data/raw/negative_clean/empty_projector_screen_white_wall/empty_projector_screen_white_wall_0002_8466911.jpeg,0.0883,77,0.0,0.686,0
data/raw/negative_clean/blank_whiteboard_office_wall/blank_whiteboard_office_wall_0021_17724732.jpeg,0.0872,76,0.0,0.743,0
data/probe_indoor_env_v2/probe_indoor_env/modern_lounge_interior_sofa_window/modern_lounge_interior_sofa_window_0002_27460959.jpeg,0.086,75,0.0,0.633,0
data/raw/negative_clean/empty_whiteboard_meeting_room/empty_whiteboard_meeting_room_0003_9300769.jpeg,0.0849,74,0.0,0.631,0
data/raw/negative_clean/blank_television_screen_living_room/blank_television_screen_living_room_0010_3151392.jpeg,0.0849,74,0.0,0.569,0
data/raw/negative_clean/empty_office_desks_no_people/empty_office_desks_no_people_0006_5483059.jpeg,0.0849,74,0.0,0.28,0
data/raw/negative_clean/empty_living_room_interior_daylight/empty_living_room_interior_daylight_0025_7214331.jpeg,0.0826,72,0.0,0.607,0
data/raw/negative_clean/cozy_home_interior_sofa_bright/cozy_home_interior_sofa_bright_0018_7533933.jpeg,0.0826,72,0.0,0.628,0
data/raw/negative_clean/home_cinema_projector_screen_room/home_cinema_projector_screen_room_0003_6800015.jpeg,0.0814,71,0.0,0.242,0
data/probe_indoor_env_v2/probe_indoor_env/spa_wellness_center_interior_relaxation/spa_wellness_center_interior_relaxation_0009_6667474.jpeg,0.0814,71,0.0,0.483,0
data/raw/negative_clean/empty_living_room_interior_daylight/empty_living_room_interior_daylight_0004_8146216.jpeg,0.0803,70,0.0,0.564,0
data/raw/negative_clean/cozy_home_interior_sofa_bright/cozy_home_interior_sofa_bright_0019_18470969.jpeg,0.0803,70,0.0,0.699,0
data/raw/negative_clean/blank_television_screen_living_room/blank_television_screen_living_room_0025_20812292.jpeg,0.0791,69,0.0,0.729,0
data/raw/negative_clean/cozy_home_interior_sofa_bright/cozy_home_interior_sofa_bright_0024_18701384.jpeg,0.0791,69,0.0,0.593,0
data/probe_indoor_env_v2/probe_indoor_env/modern_lounge_interior_sofa_window/modern_lounge_interior_sofa_window_0005_6186848.jpeg,0.0791,69,0.0,0.554,0
data/raw/negative_clean/blank_television_screen_living_room/blank_television_screen_living_room_0001_7788684.jpeg,0.078,68,0.0,0.535,0
data/raw/negative_clean/empty_conference_room_interior/empty_conference_room_interior_0001_6949365.jpeg,0.0768,67,0.0,0.63,0
data/raw/negative_clean/large_projection_screen_hall_blank/large_projection_screen_hall_blank_0003_7513460.jpeg,0.0768,67,0.0,0.196,0
data/raw/negative_clean/turned_off_computer_monitor_desk/turned_off_computer_monitor_desk_0009_8336134.jpeg,0.0757,66,0.0,0.202,0
data/probe_indoor_env_v2/probe_indoor_env/modern_lounge_interior_sofa_window/modern_lounge_interior_sofa_window_0008_30211363.jpeg,0.0757,33,0.4838,0.643,0
data/raw/negative_clean/home_cinema_projector_screen_room/home_cinema_projector_screen_room_0008_7991437.jpeg,0.0745,65,0.0,0.055,0
data/probe_indoor_env_v2/probe_indoor_env/office_reception_waiting_area_sofa/office_reception_waiting_area_sofa_0004_29394580.jpeg,0.0745,65,0.0,0.618,0
data/raw/negative_clean/blank_whiteboard_office_wall/blank_whiteboard_office_wall_0025_8102299.jpeg,0.0734,64,0.0,0.624,0
data/raw/negative_clean/turned_off_computer_monitor_desk/turned_off_computer_monitor_desk_0015_115655.jpeg,0.0722,63,0.0,0.155,0
data/raw/negative_clean/cozy_home_interior_sofa_bright/cozy_home_interior_sofa_bright_0009_1362385.jpeg,0.0722,63,0.0,0.763,0
data/raw/negative_clean/cozy_home_interior_sofa_bright/cozy_home_interior_sofa_bright_0028_7195558.jpeg,0.0722,63,0.0,0.507,0
data/raw/negative_clean/cozy_home_interior_sofa_bright/cozy_home_interior_sofa_bright_0007_12127447.jpeg,0.0711,62,0.0,0.369,0
data/raw/negative_clean/blank_presentation_screen_auditorium/blank_presentation_screen_auditorium_0001_8273646.jpeg,0.0711,31,0.2354,0.289,0
data/raw/negative_clean/blank_television_screen_living_room/blank_television_screen_living_room_0017_31665280.jpeg,0.07,61,0.0,0.325,0
data/raw/negative_clean/movie_theater_empty_blank_screen_interior/movie_theater_empty_blank_screen_interior_0004_7991381.jpeg,0.07,61,0.0,0.198,0
data/raw/negative_clean/home_cinema_projector_screen_room/home_cinema_projector_screen_room_0004_7991233.jpeg,0.0677,59,0.0,0.098,0
data/raw/negative_clean/large_projection_screen_hall_blank/large_projection_screen_hall_blank_0001_7513421.jpeg,0.0677,59,0.0,0.245,0
data/raw/negative_clean/white_projector_screen_mounted_wall_blank/white_projector_screen_mounted_wall_blank_0002_27467330.jpeg,0.0665,29,0.2275,0.581,0
data/probe_indoor_env_v2/probe_indoor_env/office_reception_waiting_area_sofa/office_reception_waiting_area_sofa_0007_7376341.jpeg,0.0654,57,0.0,0.63,0
data/raw/negative_clean/empty_whiteboard_meeting_room/empty_whiteboard_meeting_room_0013_9485454.jpeg,0.0642,56,0.0,0.466,0
data/raw/negative_clean/cozy_home_interior_sofa_bright/cozy_home_interior_sofa_bright_0021_29012625.jpeg,0.0642,28,0.4692,0.684,0
data/raw/negative_clean/empty_office_desks_no_people/empty_office_desks_no_people_0001_5483233.jpeg,0.0608,53,0.0,0.3,0
data/raw/negative_clean/blank_whiteboard_office_wall/blank_whiteboard_office_wall_0001_3205479.jpeg,0.0573,25,0.4499,0.788,0
data/raw/negative_clean/empty_whiteboard_meeting_room/empty_whiteboard_meeting_room_0008_15505437.jpeg,0.0573,25,0.0595,0.688,0
data/raw/negative_clean/turned_off_computer_monitor_desk/turned_off_computer_monitor_desk_0008_5618615.jpeg,0.0573,50,0.0,0.374,0
data/raw/negative_clean/empty_living_room_interior_daylight/empty_living_room_interior_daylight_0005_7810800.jpeg,0.0573,25,0.4807,0.888,0
data/raw/negative_clean/modern_home_living_room_sunlight_window/modern_home_living_room_sunlight_window_0007_30250660.jpeg,0.0573,50,0.0,0.445,0
data/raw/negative_clean/white_screen_wall_mounted_conference_room/white_screen_wall_mounted_conference_room_0001_18495290.jpeg,0.0573,50,0.0,0.446,0
data/probe_indoor_env_v2/probe_indoor_env/hotel_lobby_interior_seating_area/hotel_lobby_interior_seating_area_0008_7821342.jpeg,0.0573,25,0.2136,0.532,0
data/probe_indoor_env_v2/probe_indoor_env/office_reception_waiting_area_sofa/office_reception_waiting_area_sofa_0003_7750094.jpeg,0.0573,50,0.0,0.623,0
data/raw/negative_clean/empty_living_room_interior_daylight/empty_living_room_interior_daylight_0007_7214166.jpeg,0.0562,49,0.0,0.613,0
data/raw/negative_clean/empty_living_room_interior_daylight/empty_living_room_interior_daylight_0023_8146147.jpeg,0.055,48,0.0,0.623,0
data/raw/negative_clean/empty_living_room_interior_daylight/empty_living_room_interior_daylight_0001_3284980.png,0.0539,47,0.0,0.453,0
data/raw/negative_clean/cozy_home_interior_sofa_bright/cozy_home_interior_sofa_bright_0011_6588592.jpeg,0.0539,47,0.0,0.55,0
data/raw/negative_clean/empty_office_desks_no_people/empty_office_desks_no_people_0013_5483250.jpeg,0.0539,47,0.0,0.344,0
data/probe_indoor_env_v2/probe_indoor_env/empty_waiting_room_chairs_interior/empty_waiting_room_chairs_interior_0003_11569435.jpeg,0.0539,47,0.0,0.694,0
data/raw/negative_clean/empty_conference_room_interior/empty_conference_room_interior_0009_3767172.jpeg,0.0528,46,0.0,0.334,0
data/raw/negative_clean/blank_whiteboard_office_wall/blank_whiteboard_office_wall_0018_7067.jpg,0.0516,45,0.0,0.768,0
data/raw/negative_clean/empty_living_room_interior_daylight/empty_living_room_interior_daylight_0015_7587373.jpeg,0.0516,45,0.0,0.651,0
data/raw/negative_clean/empty_living_room_interior_daylight/empty_living_room_interior_daylight_0027_35493914.jpeg,0.0505,22,0.2209,0.659,0
data/raw/negative_clean/empty_living_room_interior_daylight/empty_living_room_interior_daylight_0016_30211360.jpeg,0.0482,42,0.0,0.735,0
data/raw/negative_clean/empty_office_desks_no_people/empty_office_desks_no_people_0014_5483154.jpeg,0.0482,42,0.0,0.288,0
data/raw/negative_clean/turned_off_computer_monitor_desk/turned_off_computer_monitor_desk_0004_17112932.jpeg,0.047,41,0.0,0.391,0
data/raw/negative_clean/turned_off_computer_monitor_desk/turned_off_computer_monitor_desk_0011_3747480.jpeg,0.0459,40,0.0,0.349,0
data/raw/negative_clean/empty_living_room_interior_daylight/empty_living_room_interior_daylight_0024_37357025.jpeg,0.0447,39,0.0,0.752,0
data/raw/negative_clean/empty_office_desks_no_people/empty_office_desks_no_people_0003_5483245.jpeg,0.0436,38,0.0,0.228,0
data/probe_indoor_env_v2/probe_indoor_env/spa_wellness_center_interior_relaxation/spa_wellness_center_interior_relaxation_0003_6560308.jpeg,0.0436,38,0.0,0.36,0
data/raw/negative_clean/blank_television_screen_living_room/blank_television_screen_living_room_0016_6020432.jpeg,0.0424,37,0.0,0.621,0
data/raw/negative_clean/empty_office_desks_no_people/empty_office_desks_no_people_0012_5483236.jpeg,0.0424,37,0.0,0.259,0
data/raw/negative_clean/modern_home_living_room_sunlight_window/modern_home_living_room_sunlight_window_0015_4943770.jpeg,0.0413,36,0.0,0.465,0
data/probe_indoor_env_v2/probe_indoor_env/empty_waiting_room_chairs_interior/empty_waiting_room_chairs_interior_0006_28010830.jpeg,0.0413,36,0.0,0.671,0
data/raw/negative_clean/turned_off_computer_monitor_desk/turned_off_computer_monitor_desk_0013_14197148.jpeg,0.039,34,0.0,0.219,0
data/raw/negative_clean/empty_projector_screen_white_wall/empty_projector_screen_white_wall_0009_14725587.jpeg,0.0367,32,0.0,0.135,0
data/raw/negative_clean/blank_television_screen_living_room/blank_television_screen_living_room_0009_18499406.jpeg,0.0344,15,0.1923,0.369,0
data/raw/negative_clean/empty_living_room_interior_daylight/empty_living_room_interior_daylight_0003_8146158.jpeg,0.0344,15,0.522,0.671,0
data/raw/negative_clean/blank_television_screen_living_room/blank_television_screen_living_room_0024_11701160.jpeg,0.0333,29,0.0,0.538,0
data/raw/negative_clean/modern_home_living_room_sunlight_window/modern_home_living_room_sunlight_window_0005_33537442.jpeg,0.0321,28,0.0,0.184,0
data/probe_indoor_env_v2/probe_indoor_env/empty_waiting_room_chairs_interior/empty_waiting_room_chairs_interior_0008_18446450.jpeg,0.0321,28,0.0,0.283,0
data/raw/negative_clean/movie_theater_empty_blank_screen_interior/movie_theater_empty_blank_screen_interior_0003_7991127.jpeg,0.0298,26,0.0,0.08,0
data/raw/negative_clean/movie_theater_empty_blank_screen_interior/movie_theater_empty_blank_screen_interior_0001_14746411.jpeg,0.0287,25,0.0,0.096,0
data/raw/negative_clean/turned_off_computer_monitor_desk/turned_off_computer_monitor_desk_0016_33393702.jpeg,0.0252,22,0.0,0.574,0
data/raw/negative_clean/empty_living_room_interior_daylight/empty_living_room_interior_daylight_0019_7587375.jpeg,0.0252,22,0.0,0.749,0
data/raw/negative_clean/cozy_home_interior_sofa_bright/cozy_home_interior_sofa_bright_0014_28905874.jpeg,0.0241,21,0.0,0.668,0
data/raw/negative_clean/home_cinema_projector_screen_room/home_cinema_projector_screen_room_0007_3131971.jpeg,0.0241,21,0.0,0.211,0
data/raw/negative_clean/blank_whiteboard_office_wall/blank_whiteboard_office_wall_0003_39604.png,0.0229,10,0.4954,0.673,0
data/raw/negative_clean/modern_home_living_room_sunlight_window/modern_home_living_room_sunlight_window_0028_8146213.jpeg,0.0229,20,0.0,0.704,0
data/raw/negative_clean/cozy_home_interior_sofa_bright/cozy_home_interior_sofa_bright_0023_5998091.jpeg,0.0229,20,0.0,0.833,0
data/raw/negative_clean/blank_whiteboard_office_wall/blank_whiteboard_office_wall_0020_6936083.jpeg,0.0206,9,0.3648,0.689,0
data/raw/negative_clean/empty_living_room_interior_daylight/empty_living_room_interior_daylight_0028_9826455.jpeg,0.0206,18,0.0,0.632,0
data/raw/negative_clean/empty_living_room_interior_daylight/empty_living_room_interior_daylight_0029_35493917.jpeg,0.0206,9,0.4112,0.684,0
data/raw/negative_clean/cozy_home_interior_sofa_bright/cozy_home_interior_sofa_bright_0003_3965534.jpeg,0.0206,18,0.0,0.777,0
data/raw/negative_clean/empty_living_room_interior_daylight/empty_living_room_interior_daylight_0011_34764063.jpeg,0.0195,17,0.0,0.621,0
data/raw/negative_clean/blank_television_screen_living_room/blank_television_screen_living_room_0004_12285888.jpeg,0.0183,16,0.0,0.769,0
data/raw/negative_clean/movie_theater_empty_blank_screen_interior/movie_theater_empty_blank_screen_interior_0002_18758034.jpeg,0.0183,8,0.3925,0.262,0
data/raw/negative_clean/empty_projector_screen_white_wall/empty_projector_screen_white_wall_0005_30001009.png,0.0161,7,0.103,0.242,0
data/raw/negative_clean/blank_television_screen_living_room/blank_television_screen_living_room_0011_4107154.jpeg,0.0149,13,0.0,0.413,0
data/raw/negative_clean/empty_living_room_interior_daylight/empty_living_room_interior_daylight_0009_5691476.jpeg,0.0138,12,0.0,0.422,0
data/raw/negative_clean/white_screen_wall_mounted_conference_room/white_screen_wall_mounted_conference_room_0006_9300737.jpeg,0.0115,5,0.2048,0.676,0
data/probe_indoor_env_v2/probe_indoor_env/empty_waiting_room_chairs_interior/empty_waiting_room_chairs_interior_0001_9259472.jpeg,0.008,7,0.0,0.632,0
data/raw/negative_clean/turned_off_computer_monitor_desk/turned_off_computer_monitor_desk_0005_5499587.jpeg,0.0069,6,0.0,0.217,0
data/raw/negative_clean/empty_living_room_interior_daylight/empty_living_room_interior_daylight_0008_16333971.jpeg,0.0057,5,0.0,0.612,0
data/raw/negative_clean/pull_down_projection_screen_empty_room/pull_down_projection_screen_empty_room_0002_3709371.jpeg,0.0023,1,0.4684,0.455,0
data/raw/negative_clean/modern_home_living_room_sunlight_window/modern_home_living_room_sunlight_window_0022_16260996.jpeg,0.0011,1,0.0,0.559,0
data/raw/negative_clean/blank_whiteboard_office_wall/blank_whiteboard_office_wall_0004_8015682.jpeg,0.0,0,0.5328,0.89,0
data/raw/negative_clean/blank_whiteboard_office_wall/blank_whiteboard_office_wall_0015_8015675.jpeg,0.0,0,0.5309,0.893,0
data/raw/negative_clean/blank_whiteboard_office_wall/blank_whiteboard_office_wall_0022_8534228.jpeg,0.0,0,0.2276,0.896,0
data/raw/negative_clean/blank_whiteboard_office_wall/blank_whiteboard_office_wall_0024_15585620.png,0.0,0,0.3016,0.798,0
data/raw/negative_clean/empty_living_room_interior_daylight/empty_living_room_interior_daylight_0002_803908.jpeg,0.0,0,0.0,0.456,0
data/raw/negative_clean/movie_theater_empty_blank_screen_interior/movie_theater_empty_blank_screen_interior_0006_3709370.jpeg,0.0,0,0.1752,0.174,0
