threshold,fps,debounce_s,miss_rate_frame,false_wake_rate,miss_rate_session,triggers_per_min,power_mw,power_controllable_mw,battery_hours_1000mah,is_pareto,data_status
0.25,0.2,0.5,0.3315,0.3957,0.3011,5.24,2732.2,132.18,1.35,False,miss/false_wake=REAL_probe; power=MOCK_placeholder
0.25,0.2,2.0,0.3315,0.3957,0.3011,5.24,2732.2,132.18,1.35,False,miss/false_wake=REAL_probe; power=MOCK_placeholder
0.25,0.2,5.0,0.3315,0.3957,0.3011,5.24,2732.2,132.18,1.35,False,miss/false_wake=REAL_probe; power=MOCK_placeholder
0.25,0.2,10.0,0.3315,0.3957,0.3011,5.24,2732.2,132.18,1.35,True,miss/false_wake=REAL_probe; power=MOCK_placeholder
0.25,0.2,30.0,0.3315,0.3957,0.534,2.0,2651.9,51.94,1.4,True,miss/false_wake=REAL_probe; power=MOCK_placeholder
0.25,0.2,60.0,0.3315,0.3957,0.767,1.0,2627.2,27.17,1.41,True,miss/false_wake=REAL_probe; power=MOCK_placeholder
0.25,0.5,0.5,0.3315,0.3957,0.2606,13.1,2930.4,330.45,1.26,False,miss/false_wake=REAL_probe; power=MOCK_placeholder
0.25,0.5,2.0,0.3315,0.3957,0.2606,13.1,2930.4,330.45,1.26,False,miss/false_wake=REAL_probe; power=MOCK_placeholder
0.25,0.5,5.0,0.3315,0.3957,0.2606,12.0,2903.2,303.21,1.27,False,miss/false_wake=REAL_probe; power=MOCK_placeholder
0.25,0.5,10.0,0.3315,0.3957,0.2606,6.0,2754.6,154.61,1.34,True,miss/false_wake=REAL_probe; power=MOCK_placeholder
0.25,0.5,30.0,0.3315,0.3957,0.5071,2.0,2655.5,55.54,1.39,True,miss/false_wake=REAL_probe; power=MOCK_placeholder
0.25,0.5,60.0,0.3315,0.3957,0.7535,1.0,2630.8,30.77,1.41,True,miss/false_wake=REAL_probe; power=MOCK_placeholder
0.25,1.0,0.5,0.3315,0.3957,0.2195,26.2,3260.9,660.9,1.13,False,miss/false_wake=REAL_probe; power=MOCK_placeholder
0.25,1.0,2.0,0.3315,0.3957,0.2195,26.2,3260.9,660.9,1.13,False,miss/false_wake=REAL_probe; power=MOCK_placeholder
0.25,1.0,5.0,0.3315,0.3957,0.2195,12.0,2909.2,309.21,1.27,False,miss/false_wake=REAL_probe; power=MOCK_placeholder
0.25,1.0,10.0,0.3315,0.3957,0.2195,6.0,2760.6,160.61,1.34,True,miss/false_wake=REAL_probe; power=MOCK_placeholder
0.25,1.0,30.0,0.3315,0.3957,0.4797,2.0,2661.5,61.54,1.39,True,miss/false_wake=REAL_probe; power=MOCK_placeholder
0.25,1.0,60.0,0.3315,0.3957,0.7398,1.0,2636.8,36.77,1.4,True,miss/false_wake=REAL_probe; power=MOCK_placeholder
0.25,2.0,0.5,0.3315,0.3957,0.1739,52.4,3921.8,1321.8,0.94,False,miss/false_wake=REAL_probe; power=MOCK_placeholder
0.25,2.0,2.0,0.3315,0.3957,0.1739,30.0,3367.0,767.03,1.1,False,miss/false_wake=REAL_probe; power=MOCK_placeholder
0.25,2.0,5.0,0.3315,0.3957,0.1739,12.0,2921.2,321.21,1.27,False,miss/false_wake=REAL_probe; power=MOCK_placeholder
0.25,2.0,10.0,0.3315,0.3957,0.1739,6.0,2772.6,172.61,1.33,True,miss/false_wake=REAL_probe; power=MOCK_placeholder
0.25,2.0,30.0,0.3315,0.3957,0.4492,2.0,2673.5,73.54,1.38,True,miss/false_wake=REAL_probe; power=MOCK_placeholder
0.25,2.0,60.0,0.3315,0.3957,0.7246,1.0,2648.8,48.77,1.4,False,miss/false_wake=REAL_probe; power=MOCK_placeholder
0.25,3.0,0.5,0.3315,0.3957,0.147,78.6,4582.7,1982.7,0.81,False,miss/false_wake=REAL_probe; power=MOCK_placeholder
0.25,3.0,2.0,0.3315,0.3957,0.147,30.0,3379.0,779.03,1.09,False,miss/false_wake=REAL_probe; power=MOCK_placeholder
0.25,3.0,5.0,0.3315,0.3957,0.147,12.0,2933.2,333.21,1.26,False,miss/false_wake=REAL_probe; power=MOCK_placeholder
0.25,3.0,10.0,0.3315,0.3957,0.147,6.0,2784.6,184.61,1.33,True,miss/false_wake=REAL_probe; power=MOCK_placeholder
0.25,3.0,30.0,0.3315,0.3957,0.4313,2.0,2685.5,85.54,1.38,True,miss/false_wake=REAL_probe; power=MOCK_placeholder
0.25,3.0,60.0,0.3315,0.3957,0.7157,1.0,2660.8,60.77,1.39,False,miss/false_wake=REAL_probe; power=MOCK_placeholder
0.25,5.0,0.5,0.3315,0.3957,0.1144,120.0,5632.1,3032.11,0.66,False,miss/false_wake=REAL_probe; power=MOCK_placeholder
0.25,5.0,2.0,0.3315,0.3957,0.1144,30.0,3403.0,803.03,1.09,False,miss/false_wake=REAL_probe; power=MOCK_placeholder
0.25,5.0,5.0,0.3315,0.3957,0.1144,12.0,2957.2,357.21,1.25,False,miss/false_wake=REAL_probe; power=MOCK_placeholder
0.25,5.0,10.0,0.3315,0.3957,0.1144,6.0,2808.6,208.61,1.32,True,miss/false_wake=REAL_probe; power=MOCK_placeholder
0.25,5.0,30.0,0.3315,0.3957,0.4096,2.0,2709.5,109.54,1.37,False,miss/false_wake=REAL_probe; power=MOCK_placeholder
0.25,5.0,60.0,0.3315,0.3957,0.7048,1.0,2684.8,84.77,1.38,False,miss/false_wake=REAL_probe; power=MOCK_placeholder
0.3,0.2,0.5,0.4088,0.3021,0.3677,4.15,2705.1,105.08,1.37,False,miss/false_wake=REAL_probe; power=MOCK_placeholder
0.3,0.2,2.0,0.4088,0.3021,0.3677,4.15,2705.1,105.08,1.37,False,miss/false_wake=REAL_probe; power=MOCK_placeholder
0.3,0.2,5.0,0.4088,0.3021,0.3677,4.15,2705.1,105.08,1.37,False,miss/false_wake=REAL_probe; power=MOCK_placeholder
0.3,0.2,10.0,0.4088,0.3021,0.3677,4.15,2705.1,105.08,1.37,True,miss/false_wake=REAL_probe; power=MOCK_placeholder
0.3,0.2,30.0,0.4088,0.3021,0.5785,2.0,2651.9,51.94,1.4,False,miss/false_wake=REAL_probe; power=MOCK_placeholder
0.3,0.2,60.0,0.4088,0.3021,0.7892,1.0,2627.2,27.17,1.41,False,miss/false_wake=REAL_probe; power=MOCK_placeholder
0.3,0.5,0.5,0.4088,0.3021,0.3289,10.36,2862.7,262.7,1.29,False,miss/false_wake=REAL_probe; power=MOCK_placeholder
0.3,0.5,2.0,0.4088,0.3021,0.3289,10.36,2862.7,262.7,1.29,False,miss/false_wake=REAL_probe; power=MOCK_placeholder
0.3,0.5,5.0,0.4088,0.3021,0.3289,10.36,2862.7,262.7,1.29,False,miss/false_wake=REAL_probe; power=MOCK_placeholder
0.3,0.5,10.0,0.4088,0.3021,0.3289,6.0,2754.6,154.61,1.34,False,miss/false_wake=REAL_probe; power=MOCK_placeholder
0.3,0.5,30.0,0.4088,0.3021,0.5526,2.0,2655.5,55.54,1.39,False,miss/false_wake=REAL_probe; power=MOCK_placeholder
0.3,0.5,60.0,0.4088,0.3021,0.7763,1.0,2630.8,30.77,1.41,False,miss/false_wake=REAL_probe; power=MOCK_placeholder
0.3,1.0,0.5,0.4088,0.3021,0.2888,20.73,3125.4,525.41,1.18,False,miss/false_wake=REAL_probe; power=MOCK_placeholder
0.3,1.0,2.0,0.4088,0.3021,0.2888,20.73,3125.4,525.41,1.18,False,miss/false_wake=REAL_probe; power=MOCK_placeholder
0.3,1.0,5.0,0.4088,0.3021,0.2888,12.0,2909.2,309.21,1.27,False,miss/false_wake=REAL_probe; power=MOCK_placeholder
0.3,1.0,10.0,0.4088,0.3021,0.2888,6.0,2760.6,160.61,1.34,False,miss/false_wake=REAL_probe; power=MOCK_placeholder
0.3,1.0,30.0,0.4088,0.3021,0.5258,2.0,2661.5,61.54,1.39,False,miss/false_wake=REAL_probe; power=MOCK_placeholder
0.3,1.0,60.0,0.4088,0.3021,0.7629,1.0,2636.8,36.77,1.4,False,miss/false_wake=REAL_probe; power=MOCK_placeholder
0.3,2.0,0.5,0.4088,0.3021,0.2435,41.46,3650.8,1050.81,1.01,False,miss/false_wake=REAL_probe; power=MOCK_placeholder
0.3,2.0,2.0,0.4088,0.3021,0.2435,30.0,3367.0,767.03,1.1,False,miss/false_wake=REAL_probe; power=MOCK_placeholder
0.3,2.0,5.0,0.4088,0.3021,0.2435,12.0,2921.2,321.21,1.27,False,miss/false_wake=REAL_probe; power=MOCK_placeholder
0.3,2.0,10.0,0.4088,0.3021,0.2435,6.0,2772.6,172.61,1.33,False,miss/false_wake=REAL_probe; power=MOCK_placeholder
0.3,2.0,30.0,0.4088,0.3021,0.4956,2.0,2673.5,73.54,1.38,False,miss/false_wake=REAL_probe; power=MOCK_placeholder
0.3,2.0,60.0,0.4088,0.3021,0.7478,1.0,2648.8,48.77,1.4,False,miss/false_wake=REAL_probe; power=MOCK_placeholder
0.3,3.0,0.5,0.4088,0.3021,0.2163,62.19,4176.2,1576.22,0.89,False,miss/false_wake=REAL_probe; power=MOCK_placeholder
0.3,3.0,2.0,0.4088,0.3021,0.2163,30.0,3379.0,779.03,1.09,False,miss/false_wake=REAL_probe; power=MOCK_placeholder
0.3,3.0,5.0,0.4088,0.3021,0.2163,12.0,2933.2,333.21,1.26,False,miss/false_wake=REAL_probe; power=MOCK_placeholder
0.3,3.0,10.0,0.4088,0.3021,0.2163,6.0,2784.6,184.61,1.33,False,miss/false_wake=REAL_probe; power=MOCK_placeholder
0.3,3.0,30.0,0.4088,0.3021,0.4775,2.0,2685.5,85.54,1.38,False,miss/false_wake=REAL_probe; power=MOCK_placeholder
0.3,3.0,60.0,0.4088,0.3021,0.7388,1.0,2660.8,60.77,1.39,False,miss/false_wake=REAL_probe; power=MOCK_placeholder
0.3,5.0,0.5,0.4088,0.3021,0.1828,103.64,5227.0,2627.03,0.71,False,miss/false_wake=REAL_probe; power=MOCK_placeholder
0.3,5.0,2.0,0.4088,0.3021,0.1828,30.0,3403.0,803.03,1.09,False,miss/false_wake=REAL_probe; power=MOCK_placeholder
0.3,5.0,5.0,0.4088,0.3021,0.1828,12.0,2957.2,357.21,1.25,False,miss/false_wake=REAL_probe; power=MOCK_placeholder
0.3,5.0,10.0,0.4088,0.3021,0.1828,6.0,2808.6,208.61,1.32,False,miss/false_wake=REAL_probe; power=MOCK_placeholder
0.3,5.0,30.0,0.4088,0.3021,0.4552,2.0,2709.5,109.54,1.37,False,miss/false_wake=REAL_probe; power=MOCK_placeholder
0.3,5.0,60.0,0.4088,0.3021,0.7276,1.0,2684.8,84.77,1.38,False,miss/false_wake=REAL_probe; power=MOCK_placeholder
0.35,0.2,0.5,0.4641,0.2638,0.4315,3.66,2692.9,92.94,1.37,False,miss/false_wake=REAL_probe; power=MOCK_placeholder
0.35,0.2,2.0,0.4641,0.2638,0.4315,3.66,2692.9,92.94,1.37,False,miss/false_wake=REAL_probe; power=MOCK_placeholder
0.35,0.2,5.0,0.4641,0.2638,0.4315,3.66,2692.9,92.94,1.37,False,miss/false_wake=REAL_probe; power=MOCK_placeholder
0.35,0.2,10.0,0.4641,0.2638,0.4315,3.66,2692.9,92.94,1.37,False,miss/false_wake=REAL_probe; power=MOCK_placeholder
0.35,0.2,30.0,0.4641,0.2638,0.621,2.0,2651.9,51.94,1.4,False,miss/false_wake=REAL_probe; power=MOCK_placeholder
0.35,0.2,60.0,0.4641,0.2638,0.8105,1.0,2627.2,27.17,1.41,False,miss/false_wake=REAL_probe; power=MOCK_placeholder
0.35,0.5,0.5,0.4641,0.2638,0.395,9.14,2832.4,232.36,1.31,False,miss/false_wake=REAL_probe; power=MOCK_placeholder
0.35,0.5,2.0,0.4641,0.2638,0.395,9.14,2832.4,232.36,1.31,False,miss/false_wake=REAL_probe; power=MOCK_placeholder
0.35,0.5,5.0,0.4641,0.2638,0.395,9.14,2832.4,232.36,1.31,False,miss/false_wake=REAL_probe; power=MOCK_placeholder
0.35,0.5,10.0,0.4641,0.2638,0.395,6.0,2754.6,154.61,1.34,False,miss/false_wake=REAL_probe; power=MOCK_placeholder
0.35,0.5,30.0,0.4641,0.2638,0.5966,2.0,2655.5,55.54,1.39,False,miss/false_wake=REAL_probe; power=MOCK_placeholder
0.35,0.5,60.0,0.4641,0.2638,0.7983,1.0,2630.8,30.77,1.41,False,miss/false_wake=REAL_probe; power=MOCK_placeholder
0.35,1.0,0.5,0.4641,0.2638,0.3567,18.28,3064.7,464.71,1.21,False,miss/false_wake=REAL_probe; power=MOCK_placeholder
0.35,1.0,2.0,0.4641,0.2638,0.3567,18.28,3064.7,464.71,1.21,False,miss/false_wake=REAL_probe; power=MOCK_placeholder
0.35,1.0,5.0,0.4641,0.2638,0.3567,12.0,2909.2,309.21,1.27,False,miss/false_wake=REAL_probe; power=MOCK_placeholder
0.35,1.0,10.0,0.4641,0.2638,0.3567,6.0,2760.6,160.61,1.34,False,miss/false_wake=REAL_probe; power=MOCK_placeholder
0.35,1.0,30.0,0.4641,0.2638,0.5712,2.0,2661.5,61.54,1.39,False,miss/false_wake=REAL_probe; power=MOCK_placeholder
0.35,1.0,60.0,0.4641,0.2638,0.7856,1.0,2636.8,36.77,1.4,False,miss/false_wake=REAL_probe; power=MOCK_placeholder
0.35,2.0,0.5,0.4641,0.2638,0.313,36.56,3529.4,929.43,1.05,False,miss/false_wake=REAL_probe; power=MOCK_placeholder
0.35,2.0,2.0,0.4641,0.2638,0.313,30.0,3367.0,767.03,1.1,False,miss/false_wake=REAL_probe; power=MOCK_placeholder
0.35,2.0,5.0,0.4641,0.2638,0.313,12.0,2921.2,321.21,1.27,False,miss/false_wake=REAL_probe; power=MOCK_placeholder
0.35,2.0,10.0,0.4641,0.2638,0.313,6.0,2772.6,172.61,1.33,False,miss/false_wake=REAL_probe; power=MOCK_placeholder
0.35,2.0,30.0,0.4641,0.2638,0.542,2.0,2673.5,73.54,1.38,False,miss/false_wake=REAL_probe; power=MOCK_placeholder
0.35,2.0,60.0,0.4641,0.2638,0.771,1.0,2648.8,48.77,1.4,False,miss/false_wake=REAL_probe; power=MOCK_placeholder
0.35,3.0,0.5,0.4641,0.2638,0.2865,54.84,3994.1,1394.14,0.93,False,miss/false_wake=REAL_probe; power=MOCK_placeholder
0.35,3.0,2.0,0.4641,0.2638,0.2865,30.0,3379.0,779.03,1.09,False,miss/false_wake=REAL_probe; power=MOCK_placeholder
0.35,3.0,5.0,0.4641,0.2638,0.2865,12.0,2933.2,333.21,1.26,False,miss/false_wake=REAL_probe; power=MOCK_placeholder
0.35,3.0,10.0,0.4641,0.2638,0.2865,6.0,2784.6,184.61,1.33,False,miss/false_wake=REAL_probe; power=MOCK_placeholder
0.35,3.0,30.0,0.4641,0.2638,0.5243,2.0,2685.5,85.54,1.38,False,miss/false_wake=REAL_probe; power=MOCK_placeholder
0.35,3.0,60.0,0.4641,0.2638,0.7622,1.0,2660.8,60.77,1.39,False,miss/false_wake=REAL_probe; power=MOCK_placeholder
0.35,5.0,0.5,0.4641,0.2638,0.2533,91.39,4923.6,2323.57,0.75,False,miss/false_wake=REAL_probe; power=MOCK_placeholder
0.35,5.0,2.0,0.4641,0.2638,0.2533,30.0,3403.0,803.03,1.09,False,miss/false_wake=REAL_probe; power=MOCK_placeholder
0.35,5.0,5.0,0.4641,0.2638,0.2533,12.0,2957.2,357.21,1.25,False,miss/false_wake=REAL_probe; power=MOCK_placeholder
0.35,5.0,10.0,0.4641,0.2638,0.2533,6.0,2808.6,208.61,1.32,False,miss/false_wake=REAL_probe; power=MOCK_placeholder
0.35,5.0,30.0,0.4641,0.2638,0.5022,2.0,2709.5,109.54,1.37,False,miss/false_wake=REAL_probe; power=MOCK_placeholder
0.35,5.0,60.0,0.4641,0.2638,0.7511,1.0,2684.8,84.77,1.38,False,miss/false_wake=REAL_probe; power=MOCK_placeholder
0.4,0.2,0.5,0.5249,0.2511,0.4913,3.42,2687.0,87.01,1.38,False,miss/false_wake=REAL_probe; power=MOCK_placeholder
0.4,0.2,2.0,0.5249,0.2511,0.4913,3.42,2687.0,87.01,1.38,False,miss/false_wake=REAL_probe; power=MOCK_placeholder
0.4,0.2,5.0,0.5249,0.2511,0.4913,3.42,2687.0,87.01,1.38,False,miss/false_wake=REAL_probe; power=MOCK_placeholder
0.4,0.2,10.0,0.5249,0.2511,0.4913,3.42,2687.0,87.01,1.38,False,miss/false_wake=REAL_probe; power=MOCK_placeholder
0.4,0.2,30.0,0.5249,0.2511,0.6609,2.0,2651.9,51.94,1.4,False,miss/false_wake=REAL_probe; power=MOCK_placeholder
0.4,0.2,60.0,0.5249,0.2511,0.8304,1.0,2627.2,27.17,1.41,False,miss/false_wake=REAL_probe; power=MOCK_placeholder
0.4,0.5,0.5,0.5249,0.2511,0.4576,8.54,2817.5,217.52,1.31,False,miss/false_wake=REAL_probe; power=MOCK_placeholder
0.4,0.5,2.0,0.5249,0.2511,0.4576,8.54,2817.5,217.52,1.31,False,miss/false_wake=REAL_probe; power=MOCK_placeholder
0.4,0.5,5.0,0.5249,0.2511,0.4576,8.54,2817.5,217.52,1.31,False,miss/false_wake=REAL_probe; power=MOCK_placeholder
0.4,0.5,10.0,0.5249,0.2511,0.4576,6.0,2754.6,154.61,1.34,False,miss/false_wake=REAL_probe; power=MOCK_placeholder
0.4,0.5,30.0,0.5249,0.2511,0.6384,2.0,2655.5,55.54,1.39,False,miss/false_wake=REAL_probe; power=MOCK_placeholder
0.4,0.5,60.0,0.5249,0.2511,0.8192,1.0,2630.8,30.77,1.41,False,miss/false_wake=REAL_probe; power=MOCK_placeholder
0.4,1.0,0.5,0.5249,0.2511,0.4218,17.08,3035.0,435.04,1.22,False,miss/false_wake=REAL_probe; power=MOCK_placeholder
0.4,1.0,2.0,0.5249,0.2511,0.4218,17.08,3035.0,435.04,1.22,False,miss/false_wake=REAL_probe; power=MOCK_placeholder
0.4,1.0,5.0,0.5249,0.2511,0.4218,12.0,2909.2,309.21,1.27,False,miss/false_wake=REAL_probe; power=MOCK_placeholder
0.4,1.0,10.0,0.5249,0.2511,0.4218,6.0,2760.6,160.61,1.34,False,miss/false_wake=REAL_probe; power=MOCK_placeholder
0.4,1.0,30.0,0.5249,0.2511,0.6146,2.0,2661.5,61.54,1.39,False,miss/false_wake=REAL_probe; power=MOCK_placeholder
0.4,1.0,60.0,0.5249,0.2511,0.8073,1.0,2636.8,36.77,1.4,False,miss/false_wake=REAL_probe; power=MOCK_placeholder
0.4,2.0,0.5,0.5249,0.2511,0.3804,34.16,3470.1,870.08,1.07,False,miss/false_wake=REAL_probe; power=MOCK_placeholder
0.4,2.0,2.0,0.5249,0.2511,0.3804,30.0,3367.0,767.03,1.1,False,miss/false_wake=REAL_probe; power=MOCK_placeholder
0.4,2.0,5.0,0.5249,0.2511,0.3804,12.0,2921.2,321.21,1.27,False,miss/false_wake=REAL_probe; power=MOCK_placeholder
0.4,2.0,10.0,0.5249,0.2511,0.3804,6.0,2772.6,172.61,1.33,False,miss/false_wake=REAL_probe; power=MOCK_placeholder
0.4,2.0,30.0,0.5249,0.2511,0.5869,2.0,2673.5,73.54,1.38,False,miss/false_wake=REAL_probe; power=MOCK_placeholder
0.4,2.0,60.0,0.5249,0.2511,0.7935,1.0,2648.8,48.77,1.4,False,miss/false_wake=REAL_probe; power=MOCK_placeholder
0.4,3.0,0.5,0.5249,0.2511,0.355,51.24,3905.1,1305.13,0.95,False,miss/false_wake=REAL_probe; power=MOCK_placeholder
0.4,3.0,2.0,0.5249,0.2511,0.355,30.0,3379.0,779.03,1.09,False,miss/false_wake=REAL_probe; power=MOCK_placeholder
0.4,3.0,5.0,0.5249,0.2511,0.355,12.0,2933.2,333.21,1.26,False,miss/false_wake=REAL_probe; power=MOCK_placeholder
0.4,3.0,10.0,0.5249,0.2511,0.355,6.0,2784.6,184.61,1.33,False,miss/false_wake=REAL_probe; power=MOCK_placeholder
0.4,3.0,30.0,0.5249,0.2511,0.57,2.0,2685.5,85.54,1.38,False,miss/false_wake=REAL_probe; power=MOCK_placeholder
0.4,3.0,60.0,0.5249,0.2511,0.785,1.0,2660.8,60.77,1.39,False,miss/false_wake=REAL_probe; power=MOCK_placeholder
0.4,5.0,0.5,0.5249,0.2511,0.3231,85.4,4775.2,2175.21,0.77,False,miss/false_wake=REAL_probe; power=MOCK_placeholder
0.4,5.0,2.0,0.5249,0.2511,0.3231,30.0,3403.0,803.03,1.09,False,miss/false_wake=REAL_probe; power=MOCK_placeholder
0.4,5.0,5.0,0.5249,0.2511,0.3231,12.0,2957.2,357.21,1.25,False,miss/false_wake=REAL_probe; power=MOCK_placeholder
0.4,5.0,10.0,0.5249,0.2511,0.3231,6.0,2808.6,208.61,1.32,False,miss/false_wake=REAL_probe; power=MOCK_placeholder
0.4,5.0,30.0,0.5249,0.2511,0.5487,2.0,2709.5,109.54,1.37,False,miss/false_wake=REAL_probe; power=MOCK_placeholder
0.4,5.0,60.0,0.5249,0.2511,0.7744,1.0,2684.8,84.77,1.38,False,miss/false_wake=REAL_probe; power=MOCK_placeholder
0.45,0.2,0.5,0.5967,0.2,0.5463,2.77,2670.9,70.91,1.39,False,miss/false_wake=REAL_probe; power=MOCK_placeholder
0.45,0.2,2.0,0.5967,0.2,0.5463,2.77,2670.9,70.91,1.39,False,miss/false_wake=REAL_probe; power=MOCK_placeholder
0.45,0.2,5.0,0.5967,0.2,0.5463,2.77,2670.9,70.91,1.39,False,miss/false_wake=REAL_probe; power=MOCK_placeholder
0.45,0.2,10.0,0.5967,0.2,0.5463,2.77,2670.9,70.91,1.39,False,miss/false_wake=REAL_probe; power=MOCK_placeholder
0.45,0.2,30.0,0.5967,0.2,0.6976,2.0,2651.9,51.94,1.4,False,miss/false_wake=REAL_probe; power=MOCK_placeholder
0.45,0.2,60.0,0.5967,0.2,0.8488,1.0,2627.2,27.17,1.41,False,miss/false_wake=REAL_probe; power=MOCK_placeholder
0.45,0.5,0.5,0.5967,0.2,0.5157,6.91,2777.3,177.27,1.33,False,miss/false_wake=REAL_probe; power=MOCK_placeholder
0.45,0.5,2.0,0.5967,0.2,0.5157,6.91,2777.3,177.27,1.33,False,miss/false_wake=REAL_probe; power=MOCK_placeholder
0.45,0.5,5.0,0.5967,0.2,0.5157,6.91,2777.3,177.27,1.33,False,miss/false_wake=REAL_probe; power=MOCK_placeholder
0.45,0.5,10.0,0.5967,0.2,0.5157,6.0,2754.6,154.61,1.34,False,miss/false_wake=REAL_probe; power=MOCK_placeholder
0.45,0.5,30.0,0.5967,0.2,0.6772,2.0,2655.5,55.54,1.39,False,miss/false_wake=REAL_probe; power=MOCK_placeholder
0.45,0.5,60.0,0.5967,0.2,0.8386,1.0,2630.8,30.77,1.41,False,miss/false_wake=REAL_probe; power=MOCK_placeholder
0.45,1.0,0.5,0.5967,0.2,0.4831,13.83,2954.5,354.53,1.25,False,miss/false_wake=REAL_probe; power=MOCK_placeholder
0.45,1.0,2.0,0.5967,0.2,0.4831,13.83,2954.5,354.53,1.25,False,miss/false_wake=REAL_probe; power=MOCK_placeholder
0.45,1.0,5.0,0.5967,0.2,0.4831,12.0,2909.2,309.21,1.27,False,miss/false_wake=REAL_probe; power=MOCK_placeholder
0.45,1.0,10.0,0.5967,0.2,0.4831,6.0,2760.6,160.61,1.34,False,miss/false_wake=REAL_probe; power=MOCK_placeholder
0.45,1.0,30.0,0.5967,0.2,0.6554,2.0,2661.5,61.54,1.39,False,miss/false_wake=REAL_probe; power=MOCK_placeholder
0.45,1.0,60.0,0.5967,0.2,0.8277,1.0,2636.8,36.77,1.4,False,miss/false_wake=REAL_probe; power=MOCK_placeholder
0.45,2.0,0.5,0.5967,0.2,0.4445,27.66,3309.1,709.06,1.12,False,miss/false_wake=REAL_probe; power=MOCK_placeholder
0.45,2.0,2.0,0.5967,0.2,0.4445,27.66,3309.1,709.06,1.12,False,miss/false_wake=REAL_probe; power=MOCK_placeholder
0.45,2.0,5.0,0.5967,0.2,0.4445,12.0,2921.2,321.21,1.27,False,miss/false_wake=REAL_probe; power=MOCK_placeholder
0.45,2.0,10.0,0.5967,0.2,0.4445,6.0,2772.6,172.61,1.33,False,miss/false_wake=REAL_probe; power=MOCK_placeholder
0.45,2.0,30.0,0.5967,0.2,0.6296,2.0,2673.5,73.54,1.38,False,miss/false_wake=REAL_probe; power=MOCK_placeholder
0.45,2.0,60.0,0.5967,0.2,0.8148,1.0,2648.8,48.77,1.4,False,miss/false_wake=REAL_probe; power=MOCK_placeholder
0.45,3.0,0.5,0.5967,0.2,0.4205,41.49,3663.6,1063.59,1.01,False,miss/false_wake=REAL_probe; power=MOCK_placeholder
0.45,3.0,2.0,0.5967,0.2,0.4205,30.0,3379.0,779.03,1.09,False,miss/false_wake=REAL_probe; power=MOCK_placeholder
0.45,3.0,5.0,0.5967,0.2,0.4205,12.0,2933.2,333.21,1.26,False,miss/false_wake=REAL_probe; power=MOCK_placeholder
0.45,3.0,10.0,0.5967,0.2,0.4205,6.0,2784.6,184.61,1.33,False,miss/false_wake=REAL_probe; power=MOCK_placeholder
0.45,3.0,30.0,0.5967,0.2,0.6137,2.0,2685.5,85.54,1.38,False,miss/false_wake=REAL_probe; power=MOCK_placeholder
0.45,3.0,60.0,0.5967,0.2,0.8068,1.0,2660.8,60.77,1.39,False,miss/false_wake=REAL_probe; power=MOCK_placeholder
0.45,5.0,0.5,0.5967,0.2,0.3903,69.15,4372.7,1772.66,0.85,False,miss/false_wake=REAL_probe; power=MOCK_placeholder
0.45,5.0,2.0,0.5967,0.2,0.3903,30.0,3403.0,803.03,1.09,False,miss/false_wake=REAL_probe; power=MOCK_placeholder
0.45,5.0,5.0,0.5967,0.2,0.3903,12.0,2957.2,357.21,1.25,False,miss/false_wake=REAL_probe; power=MOCK_placeholder
0.45,5.0,10.0,0.5967,0.2,0.3903,6.0,2808.6,208.61,1.32,False,miss/false_wake=REAL_probe; power=MOCK_placeholder
0.45,5.0,30.0,0.5967,0.2,0.5935,2.0,2709.5,109.54,1.37,False,miss/false_wake=REAL_probe; power=MOCK_placeholder
0.45,5.0,60.0,0.5967,0.2,0.7968,1.0,2684.8,84.77,1.38,False,miss/false_wake=REAL_probe; power=MOCK_placeholder
0.5,0.2,0.5,0.6077,0.183,0.5963,2.57,2666.1,66.11,1.39,False,miss/false_wake=REAL_probe; power=MOCK_placeholder
0.5,0.2,2.0,0.6077,0.183,0.5963,2.57,2666.1,66.11,1.39,False,miss/false_wake=REAL_probe; power=MOCK_placeholder
0.5,0.2,5.0,0.6077,0.183,0.5963,2.57,2666.1,66.11,1.39,False,miss/false_wake=REAL_probe; power=MOCK_placeholder
0.5,0.2,10.0,0.6077,0.183,0.5963,2.57,2666.1,66.11,1.39,False,miss/false_wake=REAL_probe; power=MOCK_placeholder
0.5,0.2,30.0,0.6077,0.183,0.7309,2.0,2651.9,51.94,1.4,False,miss/false_wake=REAL_probe; power=MOCK_placeholder
0.5,0.2,60.0,0.6077,0.183,0.8654,1.0,2627.2,27.17,1.41,False,miss/false_wake=REAL_probe; power=MOCK_placeholder
0.5,0.5,0.5,0.6077,0.183,0.5687,6.43,2765.3,165.28,1.34,False,miss/false_wake=REAL_probe; power=MOCK_placeholder
0.5,0.5,2.0,0.6077,0.183,0.5687,6.43,2765.3,165.28,1.34,False,miss/false_wake=REAL_probe; power=MOCK_placeholder
0.5,0.5,5.0,0.6077,0.183,0.5687,6.43,2765.3,165.28,1.34,False,miss/false_wake=REAL_probe; power=MOCK_placeholder
0.5,0.5,10.0,0.6077,0.183,0.5687,6.0,2754.6,154.61,1.34,False,miss/false_wake=REAL_probe; power=MOCK_placeholder
0.5,0.5,30.0,0.6077,0.183,0.7124,2.0,2655.5,55.54,1.39,False,miss/false_wake=REAL_probe; power=MOCK_placeholder
0.5,0.5,60.0,0.6077,0.183,0.8562,1.0,2630.8,30.77,1.41,False,miss/false_wake=REAL_probe; power=MOCK_placeholder
0.5,1.0,0.5,0.6077,0.183,0.5393,12.86,2930.6,330.57,1.26,False,miss/false_wake=REAL_probe; power=MOCK_placeholder
0.5,1.0,2.0,0.6077,0.183,0.5393,12.86,2930.6,330.57,1.26,False,miss/false_wake=REAL_probe; power=MOCK_placeholder
0.5,1.0,5.0,0.6077,0.183,0.5393,12.0,2909.2,309.21,1.27,False,miss/false_wake=REAL_probe; power=MOCK_placeholder
0.5,1.0,10.0,0.6077,0.183,0.5393,6.0,2760.6,160.61,1.34,False,miss/false_wake=REAL_probe; power=MOCK_placeholder
0.5,1.0,30.0,0.6077,0.183,0.6928,2.0,2661.5,61.54,1.39,False,miss/false_wake=REAL_probe; power=MOCK_placeholder
0.5,1.0,60.0,0.6077,0.183,0.8464,1.0,2636.8,36.77,1.4,False,miss/false_wake=REAL_probe; power=MOCK_placeholder
0.5,2.0,0.5,0.6077,0.183,0.5044,25.72,3261.1,661.14,1.13,False,miss/false_wake=REAL_probe; power=MOCK_placeholder
0.5,2.0,2.0,0.6077,0.183,0.5044,25.72,3261.1,661.14,1.13,False,miss/false_wake=REAL_probe; power=MOCK_placeholder
0.5,2.0,5.0,0.6077,0.183,0.5044,12.0,2921.2,321.21,1.27,False,miss/false_wake=REAL_probe; power=MOCK_placeholder
0.5,2.0,10.0,0.6077,0.183,0.5044,6.0,2772.6,172.61,1.33,False,miss/false_wake=REAL_probe; power=MOCK_placeholder
0.5,2.0,30.0,0.6077,0.183,0.6696,2.0,2673.5,73.54,1.38,False,miss/false_wake=REAL_probe; power=MOCK_placeholder
0.5,2.0,60.0,0.6077,0.183,0.8348,1.0,2648.8,48.77,1.4,False,miss/false_wake=REAL_probe; power=MOCK_placeholder
0.5,3.0,0.5,0.6077,0.183,0.4824,38.59,3591.7,991.7,1.03,False,miss/false_wake=REAL_probe; power=MOCK_placeholder
0.5,3.0,2.0,0.6077,0.183,0.4824,30.0,3379.0,779.03,1.09,False,miss/false_wake=REAL_probe; power=MOCK_placeholder
0.5,3.0,5.0,0.6077,0.183,0.4824,12.0,2933.2,333.21,1.26,False,miss/false_wake=REAL_probe; power=MOCK_placeholder
0.5,3.0,10.0,0.6077,0.183,0.4824,6.0,2784.6,184.61,1.33,False,miss/false_wake=REAL_probe; power=MOCK_placeholder
0.5,3.0,30.0,0.6077,0.183,0.6549,2.0,2685.5,85.54,1.38,False,miss/false_wake=REAL_probe; power=MOCK_placeholder
0.5,3.0,60.0,0.6077,0.183,0.8275,1.0,2660.8,60.77,1.39,False,miss/false_wake=REAL_probe; power=MOCK_placeholder
0.5,5.0,0.5,0.6077,0.183,0.4539,64.31,4252.8,1652.84,0.87,False,miss/false_wake=REAL_probe; power=MOCK_placeholder
0.5,5.0,2.0,0.6077,0.183,0.4539,30.0,3403.0,803.03,1.09,False,miss/false_wake=REAL_probe; power=MOCK_placeholder
0.5,5.0,5.0,0.6077,0.183,0.4539,12.0,2957.2,357.21,1.25,False,miss/false_wake=REAL_probe; power=MOCK_placeholder
0.5,5.0,10.0,0.6077,0.183,0.4539,6.0,2808.6,208.61,1.32,False,miss/false_wake=REAL_probe; power=MOCK_placeholder
0.5,5.0,30.0,0.6077,0.183,0.6359,2.0,2709.5,109.54,1.37,False,miss/false_wake=REAL_probe; power=MOCK_placeholder
0.5,5.0,60.0,0.6077,0.183,0.818,1.0,2684.8,84.77,1.38,False,miss/false_wake=REAL_probe; power=MOCK_placeholder
0.55,0.2,0.5,0.663,0.1447,0.6415,2.08,2654.0,53.98,1.39,False,miss/false_wake=REAL_probe; power=MOCK_placeholder
0.55,0.2,2.0,0.663,0.1447,0.6415,2.08,2654.0,53.98,1.39,False,miss/false_wake=REAL_probe; power=MOCK_placeholder
0.55,0.2,5.0,0.663,0.1447,0.6415,2.08,2654.0,53.98,1.39,False,miss/false_wake=REAL_probe; power=MOCK_placeholder
0.55,0.2,10.0,0.663,0.1447,0.6415,2.08,2654.0,53.98,1.39,False,miss/false_wake=REAL_probe; power=MOCK_placeholder
0.55,0.2,30.0,0.663,0.1447,0.761,2.0,2651.9,51.94,1.4,False,miss/false_wake=REAL_probe; power=MOCK_placeholder
0.55,0.2,60.0,0.663,0.1447,0.8805,1.0,2627.2,27.17,1.41,False,miss/false_wake=REAL_probe; power=MOCK_placeholder
0.55,0.5,0.5,0.663,0.1447,0.6165,5.21,2734.9,134.94,1.35,False,miss/false_wake=REAL_probe; power=MOCK_placeholder
0.55,0.5,2.0,0.663,0.1447,0.6165,5.21,2734.9,134.94,1.35,False,miss/false_wake=REAL_probe; power=MOCK_placeholder
0.55,0.5,5.0,0.663,0.1447,0.6165,5.21,2734.9,134.94,1.35,False,miss/false_wake=REAL_probe; power=MOCK_placeholder
0.55,0.5,10.0,0.663,0.1447,0.6165,5.21,2734.9,134.94,1.35,False,miss/false_wake=REAL_probe; power=MOCK_placeholder
0.55,0.5,30.0,0.663,0.1447,0.7443,2.0,2655.5,55.54,1.39,False,miss/false_wake=REAL_probe; power=MOCK_placeholder
0.55,0.5,60.0,0.663,0.1447,0.8722,1.0,2630.8,30.77,1.41,False,miss/false_wake=REAL_probe; power=MOCK_placeholder
0.55,1.0,0.5,0.663,0.1447,0.5899,10.41,2869.9,269.88,1.29,False,miss/false_wake=REAL_probe; power=MOCK_placeholder
0.55,1.0,2.0,0.663,0.1447,0.5899,10.41,2869.9,269.88,1.29,False,miss/false_wake=REAL_probe; power=MOCK_placeholder
0.55,1.0,5.0,0.663,0.1447,0.5899,10.41,2869.9,269.88,1.29,False,miss/false_wake=REAL_probe; power=MOCK_placeholder
0.55,1.0,10.0,0.663,0.1447,0.5899,6.0,2760.6,160.61,1.34,False,miss/false_wake=REAL_probe; power=MOCK_placeholder
0.55,1.0,30.0,0.663,0.1447,0.7266,2.0,2661.5,61.54,1.39,False,miss/false_wake=REAL_probe; power=MOCK_placeholder
0.55,1.0,60.0,0.663,0.1447,0.8633,1.0,2636.8,36.77,1.4,False,miss/false_wake=REAL_probe; power=MOCK_placeholder
0.55,2.0,0.5,0.663,0.1447,0.5587,20.82,3139.8,539.75,1.18,False,miss/false_wake=REAL_probe; power=MOCK_placeholder
0.55,2.0,2.0,0.663,0.1447,0.5587,20.82,3139.8,539.75,1.18,False,miss/false_wake=REAL_probe; power=MOCK_placeholder
0.55,2.0,5.0,0.663,0.1447,0.5587,12.0,2921.2,321.21,1.27,False,miss/false_wake=REAL_probe; power=MOCK_placeholder
0.55,2.0,10.0,0.663,0.1447,0.5587,6.0,2772.6,172.61,1.33,False,miss/false_wake=REAL_probe; power=MOCK_placeholder
0.55,2.0,30.0,0.663,0.1447,0.7058,2.0,2673.5,73.54,1.38,False,miss/false_wake=REAL_probe; power=MOCK_placeholder
0.55,2.0,60.0,0.663,0.1447,0.8529,1.0,2648.8,48.77,1.4,False,miss/false_wake=REAL_probe; power=MOCK_placeholder
0.55,3.0,0.5,0.663,0.1447,0.5393,31.24,3409.6,809.63,1.09,False,miss/false_wake=REAL_probe; power=MOCK_placeholder
0.55,3.0,2.0,0.663,0.1447,0.5393,30.0,3379.0,779.03,1.09,False,miss/false_wake=REAL_probe; power=MOCK_placeholder
0.55,3.0,5.0,0.663,0.1447,0.5393,12.0,2933.2,333.21,1.26,False,miss/false_wake=REAL_probe; power=MOCK_placeholder
0.55,3.0,10.0,0.663,0.1447,0.5393,6.0,2784.6,184.61,1.33,False,miss/false_wake=REAL_probe; power=MOCK_placeholder
0.55,3.0,30.0,0.663,0.1447,0.6928,2.0,2685.5,85.54,1.38,False,miss/false_wake=REAL_probe; power=MOCK_placeholder
0.55,3.0,60.0,0.663,0.1447,0.8464,1.0,2660.8,60.77,1.39,False,miss/false_wake=REAL_probe; power=MOCK_placeholder
0.55,5.0,0.5,0.663,0.1447,0.5138,52.06,3949.4,1349.38,0.94,False,miss/false_wake=REAL_probe; power=MOCK_placeholder
0.55,5.0,2.0,0.663,0.1447,0.5138,30.0,3403.0,803.03,1.09,False,miss/false_wake=REAL_probe; power=MOCK_placeholder
0.55,5.0,5.0,0.663,0.1447,0.5138,12.0,2957.2,357.21,1.25,False,miss/false_wake=REAL_probe; power=MOCK_placeholder
0.55,5.0,10.0,0.663,0.1447,0.5138,6.0,2808.6,208.61,1.32,False,miss/false_wake=REAL_probe; power=MOCK_placeholder
0.55,5.0,30.0,0.663,0.1447,0.6759,2.0,2709.5,109.54,1.37,False,miss/false_wake=REAL_probe; power=MOCK_placeholder
0.55,5.0,60.0,0.663,0.1447,0.8379,1.0,2684.8,84.77,1.38,False,miss/false_wake=REAL_probe; power=MOCK_placeholder
0.6,0.2,0.5,0.7127,0.1234,0.6829,1.78,2646.4,46.38,1.4,False,miss/false_wake=REAL_probe; power=MOCK_placeholder
0.6,0.2,2.0,0.7127,0.1234,0.6829,1.78,2646.4,46.38,1.4,False,miss/false_wake=REAL_probe; power=MOCK_placeholder
0.6,0.2,5.0,0.7127,0.1234,0.6829,1.78,2646.4,46.38,1.4,False,miss/false_wake=REAL_probe; power=MOCK_placeholder
0.6,0.2,10.0,0.7127,0.1234,0.6829,1.78,2646.4,46.38,1.4,True,miss/false_wake=REAL_probe; power=MOCK_placeholder
0.6,0.2,30.0,0.7127,0.1234,0.7768,1.78,2646.4,46.38,1.4,False,miss/false_wake=REAL_probe; power=MOCK_placeholder
0.6,0.2,60.0,0.7127,0.1234,0.8943,1.0,2627.2,27.17,1.41,False,miss/false_wake=REAL_probe; power=MOCK_placeholder
0.6,0.5,0.5,0.7127,0.1234,0.6597,4.44,2716.0,115.96,1.36,False,miss/false_wake=REAL_probe; power=MOCK_placeholder
0.6,0.5,2.0,0.7127,0.1234,0.6597,4.44,2716.0,115.96,1.36,False,miss/false_wake=REAL_probe; power=MOCK_placeholder
0.6,0.5,5.0,0.7127,0.1234,0.6597,4.44,2716.0,115.96,1.36,False,miss/false_wake=REAL_probe; power=MOCK_placeholder
0.6,0.5,10.0,0.7127,0.1234,0.6597,4.44,2716.0,115.96,1.36,False,miss/false_wake=REAL_probe; power=MOCK_placeholder
0.6,0.5,30.0,0.7127,0.1234,0.7731,2.0,2655.5,55.54,1.39,False,miss/false_wake=REAL_probe; power=MOCK_placeholder
0.6,0.5,60.0,0.7127,0.1234,0.8866,1.0,2630.8,30.77,1.41,False,miss/false_wake=REAL_probe; power=MOCK_placeholder
0.6,1.0,0.5,0.7127,0.1234,0.6357,8.88,2831.9,231.92,1.31,False,miss/false_wake=REAL_probe; power=MOCK_placeholder
0.6,1.0,2.0,0.7127,0.1234,0.6357,8.88,2831.9,231.92,1.31,False,miss/false_wake=REAL_probe; power=MOCK_placeholder
0.6,1.0,5.0,0.7127,0.1234,0.6357,8.88,2831.9,231.92,1.31,False,miss/false_wake=REAL_probe; power=MOCK_placeholder
0.6,1.0,10.0,0.7127,0.1234,0.6357,6.0,2760.6,160.61,1.34,False,miss/false_wake=REAL_probe; power=MOCK_placeholder
0.6,1.0,30.0,0.7127,0.1234,0.7571,2.0,2661.5,61.54,1.39,False,miss/false_wake=REAL_probe; power=MOCK_placeholder
0.6,1.0,60.0,0.7127,0.1234,0.8786,1.0,2636.8,36.77,1.4,False,miss/false_wake=REAL_probe; power=MOCK_placeholder
0.6,2.0,0.5,0.7127,0.1234,0.6071,17.76,3063.8,463.83,1.21,False,miss/false_wake=REAL_probe; power=MOCK_placeholder
0.6,2.0,2.0,0.7127,0.1234,0.6071,17.76,3063.8,463.83,1.21,False,miss/false_wake=REAL_probe; power=MOCK_placeholder
0.6,2.0,5.0,0.7127,0.1234,0.6071,12.0,2921.2,321.21,1.27,False,miss/false_wake=REAL_probe; power=MOCK_placeholder
0.6,2.0,10.0,0.7127,0.1234,0.6071,6.0,2772.6,172.61,1.33,False,miss/false_wake=REAL_probe; power=MOCK_placeholder
0.6,2.0,30.0,0.7127,0.1234,0.7381,2.0,2673.5,73.54,1.38,False,miss/false_wake=REAL_probe; power=MOCK_placeholder
0.6,2.0,60.0,0.7127,0.1234,0.869,1.0,2648.8,48.77,1.4,False,miss/false_wake=REAL_probe; power=MOCK_placeholder
0.6,3.0,0.5,0.7127,0.1234,0.5895,26.64,3295.8,695.75,1.12,False,miss/false_wake=REAL_probe; power=MOCK_placeholder
0.6,3.0,2.0,0.7127,0.1234,0.5895,26.64,3295.8,695.75,1.12,False,miss/false_wake=REAL_probe; power=MOCK_placeholder
0.6,3.0,5.0,0.7127,0.1234,0.5895,12.0,2933.2,333.21,1.26,False,miss/false_wake=REAL_probe; power=MOCK_placeholder
0.6,3.0,10.0,0.7127,0.1234,0.5895,6.0,2784.6,184.61,1.33,False,miss/false_wake=REAL_probe; power=MOCK_placeholder
0.6,3.0,30.0,0.7127,0.1234,0.7263,2.0,2685.5,85.54,1.38,False,miss/false_wake=REAL_probe; power=MOCK_placeholder
0.6,3.0,60.0,0.7127,0.1234,0.8632,1.0,2660.8,60.77,1.39,False,miss/false_wake=REAL_probe; power=MOCK_placeholder
0.6,5.0,0.5,0.7127,0.1234,0.5672,44.4,3759.6,1159.59,0.98,False,miss/false_wake=REAL_probe; power=MOCK_placeholder
0.6,5.0,2.0,0.7127,0.1234,0.5672,30.0,3403.0,803.03,1.09,False,miss/false_wake=REAL_probe; power=MOCK_placeholder
0.6,5.0,5.0,0.7127,0.1234,0.5672,12.0,2957.2,357.21,1.25,False,miss/false_wake=REAL_probe; power=MOCK_placeholder
0.6,5.0,10.0,0.7127,0.1234,0.5672,6.0,2808.6,208.61,1.32,False,miss/false_wake=REAL_probe; power=MOCK_placeholder
0.6,5.0,30.0,0.7127,0.1234,0.7114,2.0,2709.5,109.54,1.37,False,miss/false_wake=REAL_probe; power=MOCK_placeholder
0.6,5.0,60.0,0.7127,0.1234,0.8557,1.0,2684.8,84.77,1.38,False,miss/false_wake=REAL_probe; power=MOCK_placeholder
0.65,0.2,0.5,0.7348,0.1021,0.7222,1.52,2640.0,40.02,1.4,False,miss/false_wake=REAL_probe; power=MOCK_placeholder
0.65,0.2,2.0,0.7348,0.1021,0.7222,1.52,2640.0,40.02,1.4,False,miss/false_wake=REAL_probe; power=MOCK_placeholder
0.65,0.2,5.0,0.7348,0.1021,0.7222,1.52,2640.0,40.02,1.4,False,miss/false_wake=REAL_probe; power=MOCK_placeholder
0.65,0.2,10.0,0.7348,0.1021,0.7222,1.52,2640.0,40.02,1.4,True,miss/false_wake=REAL_probe; power=MOCK_placeholder
0.65,0.2,30.0,0.7348,0.1021,0.7925,1.52,2640.0,40.02,1.4,False,miss/false_wake=REAL_probe; power=MOCK_placeholder
0.65,0.2,60.0,0.7348,0.1021,0.9074,1.0,2627.2,27.17,1.41,False,miss/false_wake=REAL_probe; power=MOCK_placeholder
0.65,0.5,0.5,0.7348,0.1021,0.6991,3.8,2700.1,100.06,1.37,False,miss/false_wake=REAL_probe; power=MOCK_placeholder
0.65,0.5,2.0,0.7348,0.1021,0.6991,3.8,2700.1,100.06,1.37,False,miss/false_wake=REAL_probe; power=MOCK_placeholder
0.65,0.5,5.0,0.7348,0.1021,0.6991,3.8,2700.1,100.06,1.37,False,miss/false_wake=REAL_probe; power=MOCK_placeholder
0.65,0.5,10.0,0.7348,0.1021,0.6991,3.8,2700.1,100.06,1.37,False,miss/false_wake=REAL_probe; power=MOCK_placeholder
0.65,0.5,30.0,0.7348,0.1021,0.7994,2.0,2655.5,55.54,1.39,False,miss/false_wake=REAL_probe; power=MOCK_placeholder
0.65,0.5,60.0,0.7348,0.1021,0.8997,1.0,2630.8,30.77,1.41,False,miss/false_wake=REAL_probe; power=MOCK_placeholder
0.65,1.0,0.5,0.7348,0.1021,0.677,7.6,2800.1,200.12,1.32,False,miss/false_wake=REAL_probe; power=MOCK_placeholder
0.65,1.0,2.0,0.7348,0.1021,0.677,7.6,2800.1,200.12,1.32,False,miss/false_wake=REAL_probe; power=MOCK_placeholder
0.65,1.0,5.0,0.7348,0.1021,0.677,7.6,2800.1,200.12,1.32,False,miss/false_wake=REAL_probe; power=MOCK_placeholder
0.65,1.0,10.0,0.7348,0.1021,0.677,6.0,2760.6,160.61,1.34,False,miss/false_wake=REAL_probe; power=MOCK_placeholder
0.65,1.0,30.0,0.7348,0.1021,0.7847,2.0,2661.5,61.54,1.39,False,miss/false_wake=REAL_probe; power=MOCK_placeholder
0.65,1.0,60.0,0.7348,0.1021,0.8923,1.0,2636.8,36.77,1.4,False,miss/false_wake=REAL_probe; power=MOCK_placeholder
0.65,2.0,0.5,0.7348,0.1021,0.6516,15.19,3000.2,400.23,1.23,False,miss/false_wake=REAL_probe; power=MOCK_placeholder
0.65,2.0,2.0,0.7348,0.1021,0.6516,15.19,3000.2,400.23,1.23,False,miss/false_wake=REAL_probe; power=MOCK_placeholder
0.65,2.0,5.0,0.7348,0.1021,0.6516,12.0,2921.2,321.21,1.27,False,miss/false_wake=REAL_probe; power=MOCK_placeholder
0.65,2.0,10.0,0.7348,0.1021,0.6516,6.0,2772.6,172.61,1.33,False,miss/false_wake=REAL_probe; power=MOCK_placeholder
0.65,2.0,30.0,0.7348,0.1021,0.7677,2.0,2673.5,73.54,1.38,False,miss/false_wake=REAL_probe; power=MOCK_placeholder
0.65,2.0,60.0,0.7348,0.1021,0.8839,1.0,2648.8,48.77,1.4,False,miss/false_wake=REAL_probe; power=MOCK_placeholder
0.65,3.0,0.5,0.7348,0.1021,0.6353,22.79,3200.3,600.35,1.16,False,miss/false_wake=REAL_probe; power=MOCK_placeholder
0.65,3.0,2.0,0.7348,0.1021,0.6353,22.79,3200.3,600.35,1.16,False,miss/false_wake=REAL_probe; power=MOCK_placeholder
0.65,3.0,5.0,0.7348,0.1021,0.6353,12.0,2933.2,333.21,1.26,False,miss/false_wake=REAL_probe; power=MOCK_placeholder
0.65,3.0,10.0,0.7348,0.1021,0.6353,6.0,2784.6,184.61,1.33,False,miss/false_wake=REAL_probe; power=MOCK_placeholder
0.65,3.0,30.0,0.7348,0.1021,0.7569,2.0,2685.5,85.54,1.38,False,miss/false_wake=REAL_probe; power=MOCK_placeholder
0.65,3.0,60.0,0.7348,0.1021,0.8784,1.0,2660.8,60.77,1.39,False,miss/false_wake=REAL_probe; power=MOCK_placeholder
0.65,5.0,0.5,0.7348,0.1021,0.6142,37.98,3600.6,1000.58,1.03,False,miss/false_wake=REAL_probe; power=MOCK_placeholder
0.65,5.0,2.0,0.7348,0.1021,0.6142,30.0,3403.0,803.03,1.09,False,miss/false_wake=REAL_probe; power=MOCK_placeholder
0.65,5.0,5.0,0.7348,0.1021,0.6142,12.0,2957.2,357.21,1.25,False,miss/false_wake=REAL_probe; power=MOCK_placeholder
0.65,5.0,10.0,0.7348,0.1021,0.6142,6.0,2808.6,208.61,1.32,False,miss/false_wake=REAL_probe; power=MOCK_placeholder
0.65,5.0,30.0,0.7348,0.1021,0.7428,2.0,2709.5,109.54,1.37,False,miss/false_wake=REAL_probe; power=MOCK_placeholder
0.65,5.0,60.0,0.7348,0.1021,0.8714,1.0,2684.8,84.77,1.38,False,miss/false_wake=REAL_probe; power=MOCK_placeholder
0.7,0.2,0.5,0.7569,0.0681,0.762,1.13,2630.4,30.44,1.41,False,miss/false_wake=REAL_probe; power=MOCK_placeholder
0.7,0.2,2.0,0.7569,0.0681,0.762,1.13,2630.4,30.44,1.41,False,miss/false_wake=REAL_probe; power=MOCK_placeholder
0.7,0.2,5.0,0.7569,0.0681,0.762,1.13,2630.4,30.44,1.41,False,miss/false_wake=REAL_probe; power=MOCK_placeholder
0.7,0.2,10.0,0.7569,0.0681,0.762,1.13,2630.4,30.44,1.41,True,miss/false_wake=REAL_probe; power=MOCK_placeholder
0.7,0.2,30.0,0.7569,0.0681,0.8069,1.13,2630.4,30.44,1.41,False,miss/false_wake=REAL_probe; power=MOCK_placeholder
0.7,0.2,60.0,0.7569,0.0681,0.9207,1.0,2627.2,27.17,1.41,False,miss/false_wake=REAL_probe; power=MOCK_placeholder
0.7,0.5,0.5,0.7569,0.0681,0.7372,2.83,2676.1,76.09,1.38,False,miss/false_wake=REAL_probe; power=MOCK_placeholder
0.7,0.5,2.0,0.7569,0.0681,0.7372,2.83,2676.1,76.09,1.38,False,miss/false_wake=REAL_probe; power=MOCK_placeholder
0.7,0.5,5.0,0.7569,0.0681,0.7372,2.83,2676.1,76.09,1.38,False,miss/false_wake=REAL_probe; power=MOCK_placeholder
0.7,0.5,10.0,0.7569,0.0681,0.7372,2.83,2676.1,76.09,1.38,False,miss/false_wake=REAL_probe; power=MOCK_placeholder
0.7,0.5,30.0,0.7569,0.0681,0.8248,2.0,2655.5,55.54,1.39,False,miss/false_wake=REAL_probe; power=MOCK_placeholder
0.7,0.5,60.0,0.7569,0.0681,0.9124,1.0,2630.8,30.77,1.41,False,miss/false_wake=REAL_probe; power=MOCK_placeholder
0.7,1.0,0.5,0.7569,0.0681,0.7144,5.66,2752.2,152.19,1.34,False,miss/false_wake=REAL_probe; power=MOCK_placeholder
0.7,1.0,2.0,0.7569,0.0681,0.7144,5.66,2752.2,152.19,1.34,False,miss/false_wake=REAL_probe; power=MOCK_placeholder
0.7,1.0,5.0,0.7569,0.0681,0.7144,5.66,2752.2,152.19,1.34,False,miss/false_wake=REAL_probe; power=MOCK_placeholder
0.7,1.0,10.0,0.7569,0.0681,0.7144,5.66,2752.2,152.19,1.34,False,miss/false_wake=REAL_probe; power=MOCK_placeholder
0.7,1.0,30.0,0.7569,0.0681,0.8096,2.0,2661.5,61.54,1.39,False,miss/false_wake=REAL_probe; power=MOCK_placeholder
0.7,1.0,60.0,0.7569,0.0681,0.9048,1.0,2636.8,36.77,1.4,False,miss/false_wake=REAL_probe; power=MOCK_placeholder
0.7,2.0,0.5,0.7569,0.0681,0.6912,11.32,2904.4,304.38,1.27,False,miss/false_wake=REAL_probe; power=MOCK_placeholder
0.7,2.0,2.0,0.7569,0.0681,0.6912,11.32,2904.4,304.38,1.27,False,miss/false_wake=REAL_probe; power=MOCK_placeholder
0.7,2.0,5.0,0.7569,0.0681,0.6912,11.32,2904.4,304.38,1.27,False,miss/false_wake=REAL_probe; power=MOCK_placeholder
0.7,2.0,10.0,0.7569,0.0681,0.6912,6.0,2772.6,172.61,1.33,False,miss/false_wake=REAL_probe; power=MOCK_placeholder
0.7,2.0,30.0,0.7569,0.0681,0.7941,2.0,2673.5,73.54,1.38,False,miss/false_wake=REAL_probe; power=MOCK_placeholder
0.7,2.0,60.0,0.7569,0.0681,0.8971,1.0,2648.8,48.77,1.4,False,miss/false_wake=REAL_probe; power=MOCK_placeholder
0.7,3.0,0.5,0.7569,0.0681,0.6772,16.98,3056.6,456.57,1.21,False,miss/false_wake=REAL_probe; power=MOCK_placeholder
0.7,3.0,2.0,0.7569,0.0681,0.6772,16.98,3056.6,456.57,1.21,False,miss/false_wake=REAL_probe; power=MOCK_placeholder
0.7,3.0,5.0,0.7569,0.0681,0.6772,12.0,2933.2,333.21,1.26,False,miss/false_wake=REAL_probe; power=MOCK_placeholder
0.7,3.0,10.0,0.7569,0.0681,0.6772,6.0,2784.6,184.61,1.33,False,miss/false_wake=REAL_probe; power=MOCK_placeholder
0.7,3.0,30.0,0.7569,0.0681,0.7848,2.0,2685.5,85.54,1.38,False,miss/false_wake=REAL_probe; power=MOCK_placeholder
0.7,3.0,60.0,0.7569,0.0681,0.8924,1.0,2660.8,60.77,1.39,False,miss/false_wake=REAL_probe; power=MOCK_placeholder
0.7,5.0,0.5,0.7569,0.0681,0.6586,28.3,3360.9,760.94,1.1,False,miss/false_wake=REAL_probe; power=MOCK_placeholder
0.7,5.0,2.0,0.7569,0.0681,0.6586,28.3,3360.9,760.94,1.1,False,miss/false_wake=REAL_probe; power=MOCK_placeholder
0.7,5.0,5.0,0.7569,0.0681,0.6586,12.0,2957.2,357.21,1.25,False,miss/false_wake=REAL_probe; power=MOCK_placeholder
0.7,5.0,10.0,0.7569,0.0681,0.6586,6.0,2808.6,208.61,1.32,False,miss/false_wake=REAL_probe; power=MOCK_placeholder
0.7,5.0,30.0,0.7569,0.0681,0.7724,2.0,2709.5,109.54,1.37,False,miss/false_wake=REAL_probe; power=MOCK_placeholder
0.7,5.0,60.0,0.7569,0.0681,0.8862,1.0,2684.8,84.77,1.38,False,miss/false_wake=REAL_probe; power=MOCK_placeholder
0.75,0.2,0.5,0.8177,0.0511,0.8044,0.85,2623.4,23.43,1.41,False,miss/false_wake=REAL_probe; power=MOCK_placeholder
0.75,0.2,2.0,0.8177,0.0511,0.8044,0.85,2623.4,23.43,1.41,False,miss/false_wake=REAL_probe; power=MOCK_placeholder
0.75,0.2,5.0,0.8177,0.0511,0.8044,0.85,2623.4,23.43,1.41,False,miss/false_wake=REAL_probe; power=MOCK_placeholder
0.75,0.2,10.0,0.8177,0.0511,0.8044,0.85,2623.4,23.43,1.41,True,miss/false_wake=REAL_probe; power=MOCK_placeholder
0.75,0.2,30.0,0.8177,0.0511,0.8321,0.85,2623.4,23.43,1.41,False,miss/false_wake=REAL_probe; power=MOCK_placeholder
0.75,0.2,60.0,0.8177,0.0511,0.9151,0.85,2623.4,23.43,1.41,False,miss/false_wake=REAL_probe; power=MOCK_placeholder
0.75,0.5,0.5,0.8177,0.0511,0.7775,2.12,2658.6,58.57,1.39,False,miss/false_wake=REAL_probe; power=MOCK_placeholder
0.75,0.5,2.0,0.8177,0.0511,0.7775,2.12,2658.6,58.57,1.39,False,miss/false_wake=REAL_probe; power=MOCK_placeholder
0.75,0.5,5.0,0.8177,0.0511,0.7775,2.12,2658.6,58.57,1.39,False,miss/false_wake=REAL_probe; power=MOCK_placeholder
0.75,0.5,10.0,0.8177,0.0511,0.7775,2.12,2658.6,58.57,1.39,False,miss/false_wake=REAL_probe; power=MOCK_placeholder
0.75,0.5,30.0,0.8177,0.0511,0.8517,2.0,2655.5,55.54,1.39,False,miss/false_wake=REAL_probe; power=MOCK_placeholder
0.75,0.5,60.0,0.8177,0.0511,0.9258,1.0,2630.8,30.77,1.41,False,miss/false_wake=REAL_probe; power=MOCK_placeholder
0.75,1.0,0.5,0.8177,0.0511,0.7518,4.25,2717.1,117.14,1.36,False,miss/false_wake=REAL_probe; power=MOCK_placeholder
0.75,1.0,2.0,0.8177,0.0511,0.7518,4.25,2717.1,117.14,1.36,False,miss/false_wake=REAL_probe; power=MOCK_placeholder
0.75,1.0,5.0,0.8177,0.0511,0.7518,4.25,2717.1,117.14,1.36,False,miss/false_wake=REAL_probe; power=MOCK_placeholder
0.75,1.0,10.0,0.8177,0.0511,0.7518,4.25,2717.1,117.14,1.36,False,miss/false_wake=REAL_probe; power=MOCK_placeholder
0.75,1.0,30.0,0.8177,0.0511,0.8345,2.0,2661.5,61.54,1.39,False,miss/false_wake=REAL_probe; power=MOCK_placeholder
0.75,1.0,60.0,0.8177,0.0511,0.9173,1.0,2636.8,36.77,1.4,False,miss/false_wake=REAL_probe; power=MOCK_placeholder
0.75,2.0,0.5,0.8177,0.0511,0.7266,8.49,2834.3,234.28,1.31,False,miss/false_wake=REAL_probe; power=MOCK_placeholder
0.75,2.0,2.0,0.8177,0.0511,0.7266,8.49,2834.3,234.28,1.31,False,miss/false_wake=REAL_probe; power=MOCK_placeholder
0.75,2.0,5.0,0.8177,0.0511,0.7266,8.49,2834.3,234.28,1.31,False,miss/false_wake=REAL_probe; power=MOCK_placeholder
0.75,2.0,10.0,0.8177,0.0511,0.7266,6.0,2772.6,172.61,1.33,False,miss/false_wake=REAL_probe; power=MOCK_placeholder
0.75,2.0,30.0,0.8177,0.0511,0.8177,2.0,2673.5,73.54,1.38,False,miss/false_wake=REAL_probe; power=MOCK_placeholder
0.75,2.0,60.0,0.8177,0.0511,0.9089,1.0,2648.8,48.77,1.4,False,miss/false_wake=REAL_probe; power=MOCK_placeholder
0.75,3.0,0.5,0.8177,0.0511,0.7133,12.74,2951.4,351.43,1.25,False,miss/false_wake=REAL_probe; power=MOCK_placeholder
0.75,3.0,2.0,0.8177,0.0511,0.7133,12.74,2951.4,351.43,1.25,False,miss/false_wake=REAL_probe; power=MOCK_placeholder
0.75,3.0,5.0,0.8177,0.0511,0.7133,12.0,2933.2,333.21,1.26,False,miss/false_wake=REAL_probe; power=MOCK_placeholder
0.75,3.0,10.0,0.8177,0.0511,0.7133,6.0,2784.6,184.61,1.33,False,miss/false_wake=REAL_probe; power=MOCK_placeholder
0.75,3.0,30.0,0.8177,0.0511,0.8089,2.0,2685.5,85.54,1.38,False,miss/false_wake=REAL_probe; power=MOCK_placeholder
0.75,3.0,60.0,0.8177,0.0511,0.9044,1.0,2660.8,60.77,1.39,False,miss/false_wake=REAL_probe; power=MOCK_placeholder
0.75,5.0,0.5,0.8177,0.0511,0.6976,21.23,3185.7,585.71,1.16,False,miss/false_wake=REAL_probe; power=MOCK_placeholder
0.75,5.0,2.0,0.8177,0.0511,0.6976,21.23,3185.7,585.71,1.16,False,miss/false_wake=REAL_probe; power=MOCK_placeholder
0.75,5.0,5.0,0.8177,0.0511,0.6976,12.0,2957.2,357.21,1.25,False,miss/false_wake=REAL_probe; power=MOCK_placeholder
0.75,5.0,10.0,0.8177,0.0511,0.6976,6.0,2808.6,208.61,1.32,False,miss/false_wake=REAL_probe; power=MOCK_placeholder
0.75,5.0,30.0,0.8177,0.0511,0.7984,2.0,2709.5,109.54,1.37,False,miss/false_wake=REAL_probe; power=MOCK_placeholder
0.75,5.0,60.0,0.8177,0.0511,0.8992,1.0,2684.8,84.77,1.38,False,miss/false_wake=REAL_probe; power=MOCK_placeholder
